"speech_id","speaker_bio_name","speaker_bio_url","speaker_bio_source","speaker_bio_status","speaker_bio_sex","speaker_bio_birth","speaker_bio_death","speaker_bio_parties","speaker_bio_parliament_start","speaker_bio_parliament_end","speaker_bio_gov_positions","speaker_bio_gov_period"
"nl.proc.sgd.d.194519460000118.2.10","Pieter Zandt","https://en.wikipedia.org/wiki/Pieter_Zandt","legislatoR_precomputed","matched","male",1880-03-06,1961-03-04,"sgp",NA,NA,"",""
"nl.proc.sgd.d.194519460000122.2.11","Pieter Zandt","https://en.wikipedia.org/wiki/Pieter_Zandt","legislatoR_precomputed","matched","male",1880-03-06,1961-03-04,"sgp",NA,NA,"",""
"nl.proc.sgd.d.194519460000144.1.28","Paul de Groot","https://en.wikipedia.org/wiki/Paul_de_Groot","legislatoR_precomputed","matched","male",1899-07-19,1986-08-03,"cpn",NA,NA,"",""
"nl.proc.sgd.d.194619470000441.2.9","","","","ambiguous","",NA,NA,"",NA,NA,"",""
"nl.proc.sgd.d.194619470000449.3.20","","","","ambiguous","",NA,NA,"",NA,NA,"",""
"nl.proc.sgd.d.194619470000453.3.2.53","Pieter Zandt","https://en.wikipedia.org/wiki/Pieter_Zandt","legislatoR_precomputed","matched","male",1880-03-06,1961-03-04,"sgp",NA,NA,"",""
"nl.proc.sgd.d.194619470000453.4.36","Pieter Zandt","https://en.wikipedia.org/wiki/Pieter_Zandt","legislatoR_precomputed","matched","male",1880-03-06,1961-03-04,"sgp",NA,NA,"",""
"nl.proc.sgd.d.194619470000456.4.2","Gerard Nederhorst","https://en.wikipedia.org/wiki/Gerard_Nederhorst","legislatoR_precomputed","matched","male",1907-10-17,1979-08-28,"pvda",NA,NA,"",""
"nl.proc.sgd.d.194719480000443.2.96","Jan Terpstra","https://en.wikipedia.org/wiki/Jan_Terpstra","legislatoR_precomputed","matched","male",1888-06-08,1952-12-14,"arp",NA,NA,"",""
"nl.proc.sgd.d.194719480000446.2.4","Pieter Zandt","https://en.wikipedia.org/wiki/Pieter_Zandt","legislatoR_precomputed","matched","male",1880-03-06,1961-03-04,"sgp",NA,NA,"",""
"nl.proc.sgd.d.194719480000479.4.2","Hendrik Johan Wilhelm Adriaan Meijerink","https://en.wikipedia.org/wiki/NA","legislatoR_precomputed","matched","",NA,NA,"arp",NA,NA,"",""
"nl.proc.sgd.d.194819490000445.4.3","Cor Borst","https://en.wikipedia.org/wiki/Cor_Borst","legislatoR_precomputed","matched","male",1891-02-01,1974-05-11,"cpn",NA,NA,"",""
"nl.proc.sgd.d.194819490000457.2.9","Johan Scheps","https://en.wikipedia.org/wiki/Johan_Scheps","legislatoR_precomputed","matched","male",1900-07-13,1993-10-03,"pvda",NA,NA,"",""
"nl.proc.sgd.d.194819490000472.6.11","","","","ambiguous","",NA,NA,"",NA,NA,"",""
"nl.proc.sgd.d.194819490000487.3.2","","","","no_match","",NA,NA,"",NA,NA,"",""
"nl.proc.sgd.d.194919500000574.2.5","Pieter Zandt","https://en.wikipedia.org/wiki/Pieter_Zandt","legislatoR_precomputed","matched","male",1880-03-06,1961-03-04,"sgp",NA,NA,"",""
"nl.proc.sgd.d.194919500000576.2.7","Pieter Zandt","https://en.wikipedia.org/wiki/Pieter_Zandt","legislatoR_precomputed","matched","male",1880-03-06,1961-03-04,"sgp",NA,NA,"",""
"nl.proc.sgd.d.194919500000587.4.6","Marinus van der Goes van Naters","https://en.wikipedia.org/wiki/Marinus_van_der_Goes_van_Naters","legislatoR_precomputed","matched","male",1900-12-21,2005-02-12,"sdap | pvda",NA,NA,"",""
"nl.proc.sgd.d.194919500000588.2.37","Pieter Zandt","https://en.wikipedia.org/wiki/Pieter_Zandt","legislatoR_precomputed","matched","male",1880-03-06,1961-03-04,"sgp",NA,NA,"",""
"nl.proc.sgd.d.194919500000622.6.17","Pieter Zandt","https://en.wikipedia.org/wiki/Pieter_Zandt","legislatoR_precomputed","matched","male",1880-03-06,1961-03-04,"sgp",NA,NA,"",""
"nl.proc.sgd.d.195019510000549.2.4","","","","ambiguous","",NA,NA,"",NA,NA,"",""
"nl.proc.sgd.d.195019510000563.7.2","","","","no_match","",NA,NA,"",NA,NA,"",""
"nl.proc.sgd.d.195019510000588.2.38","Pieter Sjoerds Gerbrandy","https://en.wikipedia.org/wiki/Pieter_Sjoerds_Gerbrandy","legislatoR_precomputed","matched","male",1885-04-13,1961-09-07,"arp",NA,NA,"",""
"nl.proc.sgd.d.195019510000605.5.4","Jeanne Fortanier-de Wit","https://en.wikipedia.org/wiki/Jeanne_Fortanier-de_Wit","legislatoR_precomputed","matched","female",1907-04-19,1993-12-23,"pvdv | vvd",NA,NA,"",""
"nl.proc.sgd.d.195019510000606.10.5","Charles Welter","https://en.wikipedia.org/wiki/Charles_Welter","legislatoR_precomputed","matched","male",1880-04-06,1972-03-28,"rksp | lijst welter | knp | kvp",NA,NA,"",""
"nl.proc.sgd.d.195119520000698.10.29","Pieter Sjoerds Gerbrandy","https://en.wikipedia.org/wiki/Pieter_Sjoerds_Gerbrandy","legislatoR_precomputed","matched","male",1885-04-13,1961-09-07,"arp",NA,NA,"",""
"nl.proc.sgd.d.195119520000704.3.3","Pieter Zandt","https://en.wikipedia.org/wiki/Pieter_Zandt","legislatoR_precomputed","matched","male",1880-03-06,1961-03-04,"sgp",NA,NA,"",""
"nl.proc.sgd.d.195119520000709.2.2","Pieter Zandt","https://en.wikipedia.org/wiki/Pieter_Zandt","legislatoR_precomputed","matched","male",1880-03-06,1961-03-04,"sgp",NA,NA,"",""
"nl.proc.sgd.d.195119520000726.4.4","Charles Welter","https://en.wikipedia.org/wiki/Charles_Welter","legislatoR_precomputed","matched","male",1880-04-06,1972-03-28,"rksp | lijst welter | knp | kvp",NA,NA,"",""
"nl.proc.sgd.d.195119520000749.2.2","","","","no_match","",NA,NA,"",NA,NA,"",""
"nl.proc.sgd.d.195219530000238.2.19","Pieter Zandt","https://en.wikipedia.org/wiki/Pieter_Zandt","legislatoR_precomputed","matched","male",1880-03-06,1961-03-04,"sgp",NA,NA,"",""
"nl.proc.sgd.d.195219530000305.3.17","","","","ambiguous","",NA,NA,"",NA,NA,"",""
"nl.proc.sgd.d.195219530001347.3.18","Pieter Sjoerds Gerbrandy","https://en.wikipedia.org/wiki/Pieter_Sjoerds_Gerbrandy","legislatoR_precomputed","matched","male",1885-04-13,1961-09-07,"arp",NA,NA,"",""
"nl.proc.sgd.d.195319540000255.3.23","Pieter Zandt","https://en.wikipedia.org/wiki/Pieter_Zandt","legislatoR_precomputed","matched","male",1880-03-06,1961-03-04,"sgp",NA,NA,"",""
"nl.proc.sgd.d.195319540001398.4.6","Jeanne Fortanier-de Wit","https://en.wikipedia.org/wiki/Jeanne_Fortanier-de_Wit","legislatoR_precomputed","matched","female",1907-04-19,1993-12-23,"pvdv | vvd",NA,NA,"",""
"nl.proc.sgd.d.195319540001398.5.2","Charles Welter","https://en.wikipedia.org/wiki/Charles_Welter","legislatoR_precomputed","matched","male",1880-04-06,1972-03-28,"rksp | lijst welter | knp | kvp",NA,NA,"",""
"nl.proc.sgd.d.195319540001422.2.4","Charles Welter","https://en.wikipedia.org/wiki/Charles_Welter","legislatoR_precomputed","matched","male",1880-04-06,1972-03-28,"rksp | lijst welter | knp | kvp",NA,NA,"",""
"nl.proc.sgd.d.195419550001387.6.20","Tjeerd Krol","https://en.wikipedia.org/wiki/NA","legislatoR_precomputed","matched","",NA,NA,"chu",NA,NA,"",""
"nl.proc.sgd.d.195419550000304.3.2","Govert Ritmeester","https://en.wikipedia.org/wiki/Govert_Ritmeester","legislatoR_precomputed","matched","male",1883-12-29,1966-02-27,"vvd",NA,NA,"",""
"nl.proc.sgd.d.195419550000341.2.15","Jan Schmal","https://en.wikipedia.org/wiki/NA","legislatoR_precomputed","matched","",NA,NA,"chu",NA,NA,"",""
"nl.proc.sgd.d.195419550000341.2.22","Pieter Oud","https://en.wikipedia.org/wiki/Pieter_Oud","legislatoR_precomputed","matched","male",1886-12-05,1968-08-12,"vdb | vvd",NA,NA,"",""
"nl.proc.sgd.d.195419550000372.7.3","Anton Roosjen","https://en.wikipedia.org/wiki/Anton_Roosjen","legislatoR_precomputed","matched","male",1894-09-13,1978-06-15,"arp",NA,NA,"",""
"nl.proc.sgd.d.195419550000372.7.8","Jan Haken","https://en.wikipedia.org/wiki/Jan_Haken","legislatoR_precomputed","matched","male",1912-10-13,1956-11-20,"cpn",NA,NA,"",""
"nl.proc.sgd.d.195519560000278.4.5","","","","ambiguous","",NA,NA,"",NA,NA,"",""
"nl.proc.sgd.d.195519560002068.2.5","Herman François van Leeuwen","https://en.wikipedia.org/wiki/Herman_Fran%C3%A7ois_van_Leeuwen","legislatoR_precomputed","matched","male",1890-11-26,1975-01-15,"vvd",NA,NA,"",""
"nl.proc.sgd.d.195519560002069.2.2","Ko Suurhoff","https://en.wikipedia.org/wiki/Ko_Suurhoff","legislatoR_precomputed","matched","male",1905-07-23,1967-03-14,"pvda",NA,NA,"",""
"nl.proc.sgd.d.195519560002070.2.11","","","","ambiguous","",NA,NA,"",NA,NA,"",""
"nl.proc.sgd.d.195519560002070.2.12","Henk Kikkert","https://en.wikipedia.org/wiki/Henk_Kikkert","legislatoR_precomputed","matched","male",1912-10-23,1988-03-20,"chu",NA,NA,"",""
"nl.proc.sgd.d.195519560002070.2.28","Ko Suurhoff","https://en.wikipedia.org/wiki/Ko_Suurhoff","legislatoR_precomputed","matched","male",1905-07-23,1967-03-14,"pvda",NA,NA,"",""
"nl.proc.sgd.d.195719580000241.2.5","Wim Schuijt","https://en.wikipedia.org/wiki/Wim_Schuijt","legislatoR_precomputed","matched","male",1909-06-27,2009-04-13,"kvp",NA,NA,"",""
"nl.proc.sgd.d.195719580002367.2.43","Ko Suurhoff","https://en.wikipedia.org/wiki/Ko_Suurhoff","legislatoR_precomputed","matched","male",1905-07-23,1967-03-14,"pvda",NA,NA,"",""
"nl.proc.sgd.d.195719580000273.3.7","Pieter Sjoerds Gerbrandy","https://en.wikipedia.org/wiki/Pieter_Sjoerds_Gerbrandy","legislatoR_precomputed","matched","male",1885-04-13,1961-09-07,"arp",NA,NA,"",""
"nl.proc.sgd.d.195719580002381.4.3","Martien van der Weijden","https://en.wikipedia.org/wiki/Martien_van_der_Weijden","legislatoR_precomputed","matched","male",1900-01-30,1971-10-11,"rksp | kvp",NA,NA,"",""
"nl.proc.sgd.d.195819590000124.3.6","","","","ambiguous","",NA,NA,"",NA,NA,"",""
"nl.proc.sgd.d.195819590000724.4.7","","","","ambiguous","",NA,NA,"",NA,NA,"",""
"nl.proc.sgd.d.195919600000194.2.10","Pieter Zandt","https://en.wikipedia.org/wiki/Pieter_Zandt","legislatoR_precomputed","matched","male",1880-03-06,1961-03-04,"sgp",NA,NA,"",""
"nl.proc.sgd.d.195919600000218.3.9","","","","ambiguous","",NA,NA,"",NA,NA,"",""
"nl.proc.sgd.d.195919600000229.3.5","Pieter Zandt","https://en.wikipedia.org/wiki/Pieter_Zandt","legislatoR_precomputed","matched","male",1880-03-06,1961-03-04,"sgp",NA,NA,"",""
"nl.proc.sgd.d.195919600002136.2.21","","","","no_match","",NA,NA,"",NA,NA,"",""
"nl.proc.sgd.d.195919600000249.2.4","Jaap Burger","https://en.wikipedia.org/wiki/Jaap_Burger","legislatoR_precomputed","matched","male",1904-08-20,1986-08-19,"pvda",NA,NA,"",""
"nl.proc.sgd.d.196019610001099.3.3","Isaäc Nicolaas Theodoor Diepenhorst","https://en.wikipedia.org/wiki/Isa%C3%A4c_Nicolaas_Theodoor_Diepenhorst","legislatoR_precomputed","matched","male",1907-03-20,1976-12-31,"chu",NA,NA,"",""
"nl.proc.sgd.d.196119620001196.1.2","","","","ambiguous","",NA,NA,"",NA,NA,"",""
"nl.proc.sgd.d.196119620001200.2.52","Agnes Nolte","https://en.wikipedia.org/wiki/Agnes_Nolte","legislatoR_precomputed","matched","female",1896-07-26,1976-04-29,"kvp",NA,NA,"",""
"nl.proc.sgd.d.196119620001214.2.103","Isaäc Nicolaas Theodoor Diepenhorst","https://en.wikipedia.org/wiki/Isa%C3%A4c_Nicolaas_Theodoor_Diepenhorst","legislatoR_precomputed","matched","male",1907-03-20,1976-12-31,"chu",NA,NA,"",""
"nl.proc.sgd.d.196219630000184.3.17","","","","ambiguous","",NA,NA,"",NA,NA,"",""
"nl.proc.sgd.d.196219630002154.6.6","Ferdinand Jan Kranenburg","https://en.wikipedia.org/wiki/Ferdinand_Jan_Kranenburg","legislatoR_precomputed","matched","male",1911-04-01,1994-11-15,"pvda",NA,NA,"",""
"nl.proc.sgd.d.196219630002155.4.21","Victor Marijnen","https://en.wikipedia.org/wiki/Victor_Marijnen","legislatoR_precomputed","matched","male",1917-02-21,1975-04-05,"kvp",NA,NA,"",""
"nl.proc.sgd.d.196319640000681.3.5","","","","ambiguous","",NA,NA,"",NA,NA,"",""
"nl.proc.sgd.d.196319640000681.4.7","Pieter Jongeling","https://en.wikipedia.org/wiki/Piet_Jongeling","legislatoR_precomputed","matched","male",1909-03-31,1985-08-26,"gpv",NA,NA,"",""
"nl.proc.sgd.d.196319640000701.5.13","Pieter Jongeling","https://en.wikipedia.org/wiki/Piet_Jongeling","legislatoR_precomputed","matched","male",1909-03-31,1985-08-26,"gpv",NA,NA,"",""
"nl.proc.sgd.d.196419650000777.2.6","Pieter Jongeling","https://en.wikipedia.org/wiki/Piet_Jongeling","legislatoR_precomputed","matched","male",1909-03-31,1985-08-26,"gpv",NA,NA,"",""
"nl.proc.sgd.d.196419650000782.5.6","Willem Scholten","https://en.wikipedia.org/wiki/Willem_Scholten_%28politicus%29","legislatoR_precomputed","matched","male",1927-06-01,2005-01-01,"chu",NA,NA,"",""
"nl.proc.sgd.d.196419650000782.5.8","Cees Berkhouwer","https://en.wikipedia.org/wiki/Cees_Berkhouwer","legislatoR_precomputed","matched","male",1919-03-19,1992-10-05,"vvd",NA,NA,"",""
"nl.proc.sgd.d.196519660000795.5.30","Hendrik Koekoek","https://en.wikipedia.org/wiki/Hendrik_Koekoek","legislatoR_precomputed","matched","male",1912-05-22,1987-02-08,"boerenpartij",NA,NA,"",""
"nl.proc.sgd.d.196519660000868.4.30","Tjerk Westerterp","https://en.wikipedia.org/wiki/Tjerk_Westerterp","legislatoR_precomputed","matched","male",1930-12-02,NA,"kvp | cda",NA,NA,"",""
"nl.proc.sgd.d.196519660000807.2.23","","","","ambiguous","",NA,NA,"",NA,NA,"",""
"nl.proc.sgd.d.196519660000821.5.8","","","","no_match","",NA,NA,"",NA,NA,"",""
"nl.proc.sgd.d.196519660000832.6.9","Isaäc Nicolaas Theodoor Diepenhorst","https://en.wikipedia.org/wiki/Isa%C3%A4c_Nicolaas_Theodoor_Diepenhorst","legislatoR_precomputed","matched","male",1907-03-20,1976-12-31,"chu",NA,NA,"",""
"nl.proc.sgd.d.196619670000344.3.18","Pieter Jongeling","https://en.wikipedia.org/wiki/Piet_Jongeling","legislatoR_precomputed","matched","male",1909-03-31,1985-08-26,"gpv",NA,NA,"",""
"nl.proc.sgd.d.196619670000349.5.49","Geert Ruygers","https://en.wikipedia.org/wiki/Geert_Ruygers","legislatoR_precomputed","matched","male",1911-08-21,1970-02-18,"pvda",NA,NA,"",""
"nl.proc.sgd.d.19670000230.2.41","Pieter Jongeling","https://en.wikipedia.org/wiki/Piet_Jongeling","legislatoR_precomputed","matched","male",1909-03-31,1985-08-26,"gpv",NA,NA,"",""
"nl.proc.sgd.d.19670000235.2.5","Joop den Uyl","https://en.wikipedia.org/wiki/Joop_den_Uyl","legislatoR_precomputed","matched","male",1919-08-09,1987-12-24,"pvda",NA,NA,"",""
"nl.proc.sgd.d.19670000243.3.10","Sef Imkamp","https://en.wikipedia.org/wiki/Sef_Imkamp","legislatoR_precomputed","matched","male",1925-03-10,2013-07-02,"d 66",NA,NA,"",""
"nl.proc.sgd.d.196719680000620.10.5","Henk Koning","https://en.wikipedia.org/wiki/Henk_Koning_%28politicus%29","legislatoR_precomputed","matched","male",1933-06-07,2016-12-31,"vvd",NA,NA,"",""
"nl.proc.sgd.d.196719680000623.3.35","","","","ambiguous","",NA,NA,"",NA,NA,"",""
"nl.proc.sgd.d.196719680000638.7.23","Tjerk Westerterp","https://en.wikipedia.org/wiki/Tjerk_Westerterp","legislatoR_precomputed","matched","male",1930-12-02,NA,"kvp | cda",NA,NA,"",""
"nl.proc.sgd.d.196719680000641.4.49","","","","ambiguous","",NA,NA,"",NA,NA,"",""
"nl.proc.sgd.d.196719680000641.4.78","Pierre Lardinois","https://en.wikipedia.org/wiki/Pierre_Lardinois","legislatoR_precomputed","matched","male",1924-08-13,1987-07-16,"kvp",NA,NA,"",""
"nl.proc.sgd.d.196719680000650.3.4","Pieter Jongeling","https://en.wikipedia.org/wiki/Piet_Jongeling","legislatoR_precomputed","matched","male",1909-03-31,1985-08-26,"gpv",NA,NA,"",""
"nl.proc.sgd.d.196719680000674.5.132","Pieter Jongeling","https://en.wikipedia.org/wiki/Piet_Jongeling","legislatoR_precomputed","matched","male",1909-03-31,1985-08-26,"gpv",NA,NA,"",""
"nl.proc.sgd.d.196819690000711.6.2","Henri Polak","https://en.wikipedia.org/wiki/Henri_Polak","legislatoR_precomputed","matched","male",1868-02-22,1943-02-18,"sdap",NA,NA,"",""
"nl.proc.sgd.d.196819690000813.4.98","","","","ambiguous","",NA,NA,"",NA,NA,"",""
"nl.proc.sgd.d.196819690000742.2.11","Henk van Rossum","https://en.wikipedia.org/wiki/Henk_van_Rossum","legislatoR_precomputed","matched","male",1919-12-14,2017-06-17,"sgp",NA,NA,"",""
"nl.proc.sgd.d.196919700000586.2.40","","","","ambiguous","",NA,NA,"",NA,NA,"",""
"nl.proc.sgd.d.196919700000592.6.90","Henk Beernink","https://en.wikipedia.org/wiki/Henk_Beernink","legislatoR_precomputed","matched","male",1910-02-02,1979-08-22,"chu",NA,NA,"",""
"nl.proc.sgd.d.196919700000626.3.193","Hendrik Koekoek","https://en.wikipedia.org/wiki/Hendrik_Koekoek","legislatoR_precomputed","matched","male",1912-05-22,1987-02-08,"boerenpartij",NA,NA,"",""
"nl.proc.sgd.d.196919700000674.4.109","","","","ambiguous","",NA,NA,"",NA,NA,"",""
"nl.proc.sgd.d.197019710000604.2.72","","","","ambiguous","",NA,NA,"",NA,NA,"",""
"nl.proc.sgd.d.197019710000625.3.57","Henk van Rossum","https://en.wikipedia.org/wiki/Henk_van_Rossum","legislatoR_precomputed","matched","male",1919-12-14,2017-06-17,"sgp",NA,NA,"",""
"nl.proc.sgd.d.197019710000626.8.40","","","","ambiguous","",NA,NA,"",NA,NA,"",""
"nl.proc.sgd.d.197019710000655.5.20","Jaap Boersma","https://en.wikipedia.org/wiki/Jaap_Boersma_%28politicus%29","legislatoR_precomputed","matched","male",1929-12-02,2012-03-06,"arp | cda",NA,NA,"",""
"nl.proc.sgd.d.197119720000734.5.42","Pieter Jongeling","https://en.wikipedia.org/wiki/Piet_Jongeling","legislatoR_precomputed","matched","male",1909-03-31,1985-08-26,"gpv",NA,NA,"",""
"nl.proc.sgd.d.19720000200.3.3","Tjebbe Walburg","https://en.wikipedia.org/wiki/NA","legislatoR_precomputed","matched","",NA,NA,"arp",NA,NA,"",""
"nl.proc.sgd.d.197219730000462.2.21","Henk van Rossum","https://en.wikipedia.org/wiki/Henk_van_Rossum","legislatoR_precomputed","matched","male",1919-12-14,2017-06-17,"sgp",NA,NA,"",""
"nl.proc.sgd.d.197219730000463.7.28","","","","ambiguous","",NA,NA,"",NA,NA,"",""
"nl.proc.sgd.d.197219730000464.2.4","Willem Scholten","https://en.wikipedia.org/wiki/Willem_Scholten_%28politicus%29","legislatoR_precomputed","matched","male",1927-06-01,2005-01-01,"chu",NA,NA,"",""
"nl.proc.sgd.d.197219730000468.3.57","Bart Verbrugh","https://en.wikipedia.org/wiki/Bart_Verbrugh","legislatoR_precomputed","matched","male",1916-07-19,2003-02-05,"gpv",NA,NA,"",""
"nl.proc.sgd.d.197219730000469.3.44","Berthe Groensmit-van der Kallen","https://en.wikipedia.org/wiki/Berthe_Groensmit-van_der_Kallen","legislatoR_precomputed","matched","female",1919-07-19,1991-05-11,"kvp",NA,NA,"",""
"nl.proc.sgd.d.197219730000483.7.4","Fré Meis","https://en.wikipedia.org/wiki/Fr%C3%A9_Meis","legislatoR_precomputed","matched","male",1921-11-17,1992-12-15,"cpn",NA,NA,"",""
"nl.proc.sgd.d.197319740000729.3.47","","","","no_match","",NA,NA,"",NA,NA,"",""
"nl.proc.sgd.d.197319740000755.5.31","Erik Jurgens","https://en.wikipedia.org/wiki/Erik_Jurgens","legislatoR_precomputed","matched","male",1935-11-24,NA,"ppr",NA,NA,"",""
"nl.proc.sgd.d.197419750000621.4.83","Bart Verbrugh","https://en.wikipedia.org/wiki/Bart_Verbrugh","legislatoR_precomputed","matched","male",1916-07-19,2003-02-05,"gpv",NA,NA,"",""
"nl.proc.sgd.d.197419750000644.8.311","Jan Schaefer","https://en.wikipedia.org/wiki/Jan_Schaefer","legislatoR_precomputed","matched","male",1940-03-16,1994-01-30,"pvda",NA,NA,"",""
"nl.proc.sgd.d.197419750000666.13.9.1","Hette Abma","https://en.wikipedia.org/wiki/Hette_Abma","legislatoR_precomputed","matched","male",1917-01-23,1992-01-02,"sgp",NA,NA,"",""
"nl.proc.sgd.d.197519760000604.2.19.7","","","","ambiguous","",NA,NA,"",NA,NA,"",""
"nl.proc.sgd.d.197519760000604.4.31.1","Bart Verbrugh","https://en.wikipedia.org/wiki/Bart_Verbrugh","legislatoR_precomputed","matched","male",1916-07-19,2003-02-05,"gpv",NA,NA,"",""
"nl.proc.sgd.d.197519760000606.3.17.3","Bart Verbrugh","https://en.wikipedia.org/wiki/Bart_Verbrugh","legislatoR_precomputed","matched","male",1916-07-19,2003-02-05,"gpv",NA,NA,"",""
"nl.proc.sgd.d.197519760000706.1.18.1","Michel van Hulten","https://en.wikipedia.org/wiki/Michel_van_Hulten","legislatoR_precomputed","matched","male",1930-03-09,NA,"ppr",NA,NA,"",""
"nl.proc.sgd.d.197519760000674.11.7.1","Gerard ter Woorst","https://en.wikipedia.org/wiki/NA","legislatoR_precomputed","matched","",NA,NA,"kvp",NA,NA,"",""
"nl.proc.sgd.d.197519760000674.7.15.5","","","","ambiguous","",NA,NA,"",NA,NA,"",""
"nl.proc.sgd.d.197519760000674.7.2.1","Rie de Boois","https://en.wikipedia.org/wiki/Rie_de_Boois","legislatoR_precomputed","matched","female",1936-06-04,2010-11-16,"pvda",NA,NA,"",""
"nl.proc.sgd.d.197519760000674.7.3.1","Els Veder-Smit","https://en.wikipedia.org/wiki/Els_Veder-Smit","legislatoR_precomputed","matched","female",1921-08-29,2020-08-26,"vvd",NA,NA,"",""
"nl.proc.sgd.d.197519760000674.7.3.3","Fia van Veenendaal-van Meggelen","https://en.wikipedia.org/wiki/Fia_van_Veenendaal-van_Meggelen","legislatoR_precomputed","matched","female",1918-04-07,2005-09-21,"ds 70",NA,NA,"",""
"nl.proc.sgd.d.197519760000674.7.4.1","Gerard van Leijenhorst","https://en.wikipedia.org/wiki/Gerard_van_Leijenhorst","legislatoR_precomputed","matched","male",1928-06-11,2001-12-28,"chu | cda",NA,NA,"",""
"nl.proc.sgd.d.197519760000674.7.5.1","Hette Abma","https://en.wikipedia.org/wiki/Hette_Abma","legislatoR_precomputed","matched","male",1917-01-23,1992-01-02,"sgp",NA,NA,"",""
"nl.proc.sgd.d.197519760000674.7.6.1","Pam Cornelissen","https://en.wikipedia.org/wiki/Pam_Cornelissen","legislatoR_precomputed","matched","male",1934-01-13,2020-01-15,"kvp | cda",NA,NA,"",""
"nl.proc.sgd.d.197519760000674.7.7.3","","","","no_match","",NA,NA,"",NA,NA,"",""
"nl.proc.sgd.d.197519760000674.7.8.1","Marijn de Koning","https://en.wikipedia.org/wiki/Marijn_de_Koning","legislatoR_precomputed","matched","female",1943-03-25,2021-11-30,"d66",NA,NA,"",""
"nl.proc.sgd.d.197519760000674.7.9.9","","","","ambiguous","",NA,NA,"",NA,NA,"",""
"nl.proc.sgd.d.197519760000683.7.10.2","","","","ambiguous","",NA,NA,"",NA,NA,"",""
"nl.proc.sgd.d.197619770000542.7.2.4","Piet Dankert","https://en.wikipedia.org/wiki/Piet_Dankert","legislatoR_precomputed","matched","male",1934-01-08,2003-06-21,"pvda",NA,NA,"",""
"nl.proc.sgd.d.197619770000555.15.17.1","Bart Verbrugh","https://en.wikipedia.org/wiki/Bart_Verbrugh","legislatoR_precomputed","matched","male",1916-07-19,2003-02-05,"gpv",NA,NA,"",""
"nl.proc.sgd.d.197619770000579.14.4.1","Jan Beekmans","https://en.wikipedia.org/wiki/Jan_Beekmans","legislatoR_precomputed","matched","male",1927-05-07,2008-01-25,"d 66",NA,NA,"",""
"nl.proc.sgd.d.197619770000611.1.21.1","Joop Wolff","https://en.wikipedia.org/wiki/Joop_Wolff","legislatoR_precomputed","matched","male",1927-03-14,2007-01-07,"cpn",NA,NA,"",""
"nl.proc.sgd.d.197619770000614.1.8.1","","","","ambiguous","",NA,NA,"",NA,NA,"",""
"nl.proc.sgd.d.197619770000597.4.6.1","Henk Waltmans","https://en.wikipedia.org/wiki/Henk_Waltmans","legislatoR_precomputed","matched","male",1930-03-28,2013-05-04,"ppr",NA,NA,"",""
"nl.proc.sgd.d.19770000078.2.5.1","Hette Abma","https://en.wikipedia.org/wiki/Hette_Abma","legislatoR_precomputed","matched","male",1917-01-23,1992-01-02,"sgp",NA,NA,"",""
"nl.proc.sgd.d.19770000078.4.2.7","","","","ambiguous","",NA,NA,"",NA,NA,"",""
"nl.proc.sgd.d.197719780000538.2.7.1","Nora Salomons","https://en.wikipedia.org/wiki/Nora_Salomons","legislatoR_precomputed","matched","female",1945-08-05,2010-01-16,"pvda",NA,NA,"",""
"nl.proc.sgd.d.197719780000494.8.3.7","Bart Verbrugh","https://en.wikipedia.org/wiki/Bart_Verbrugh","legislatoR_precomputed","matched","male",1916-07-19,2003-02-05,"gpv",NA,NA,"",""
"nl.proc.sgd.d.197819790000676.4.6.13","Arie van der Hek","https://en.wikipedia.org/wiki/Arie_van_der_Hek","legislatoR_precomputed","matched","male",1938-09-12,NA,"pvda",NA,NA,"",""
"nl.proc.sgd.d.197919800000657.5.3.1","Piet van der Sanden","https://en.wikipedia.org/wiki/Piet_van_der_Sanden","legislatoR_precomputed","matched","male",1924-11-11,2015-01-18,"kvp | cda",NA,NA,"",""
"nl.proc.sgd.d.197919800000657.5.4.1","Huib Eversdijk","https://en.wikipedia.org/wiki/Huib_Eversdijk","legislatoR_precomputed","matched","male",1933-12-21,2012-03-15,"cda",NA,NA,"",""
"nl.proc.sgd.d.197919800000761.1.4.1","Bart Verbrugh","https://en.wikipedia.org/wiki/Bart_Verbrugh","legislatoR_precomputed","matched","male",1916-07-19,2003-02-05,"gpv",NA,NA,"",""
"nl.proc.sgd.d.197919800000697.5.8.1","","","","ambiguous","",NA,NA,"",NA,NA,"",""
"nl.proc.sgd.d.197919800000767.1.3.2","Marten Beinema","https://en.wikipedia.org/wiki/Marten_Beinema","legislatoR_precomputed","matched","male",1932-11-26,2008-08-20,"cda",NA,NA,"",""
"nl.proc.sgd.d.197919800000767.1.3.3","Reinier Braams","https://en.wikipedia.org/wiki/Reinier_Braams","legislatoR_precomputed","matched","male",1923-08-29,2001-01-02,"vvd",NA,NA,"",""
"nl.proc.sgd.d.197919800000719.13.4.1","","","","no_match","",NA,NA,"",NA,NA,"",""
"nl.proc.sgd.d.197919800000719.13.5.1","Henk Waltmans","https://en.wikipedia.org/wiki/Henk_Waltmans","legislatoR_precomputed","matched","male",1930-03-28,2013-05-04,"ppr",NA,NA,"",""
"nl.proc.sgd.d.197919800000719.13.8.1","Bart Verbrugh","https://en.wikipedia.org/wiki/Bart_Verbrugh","legislatoR_precomputed","matched","male",1916-07-19,2003-02-05,"gpv",NA,NA,"",""
"nl.proc.sgd.d.197919800000789.1.7.33","","","","no_match","",NA,NA,"",NA,NA,"",""
"nl.proc.sgd.d.198019810000736.2.7.1","Ben Hennekam","https://en.wikipedia.org/wiki/Ben_Hennekam","legislatoR_precomputed","matched","male",1941-10-31,NA,"cda",NA,NA,"",""
"nl.proc.sgd.d.198019810000785.11.2.1","Frits Niessen","https://en.wikipedia.org/wiki/Frits_Niessen","legislatoR_precomputed","matched","male",1936-09-16,2020-10-23,"pvda",NA,NA,"",""
"nl.proc.sgd.d.198019810000785.11.3.1","Bart Verbrugh","https://en.wikipedia.org/wiki/Bart_Verbrugh","legislatoR_precomputed","matched","male",1916-07-19,2003-02-05,"gpv",NA,NA,"",""
"nl.proc.sgd.d.198119820000953.2.8.1","Gert Schutte","https://en.wikipedia.org/wiki/Gert_Schutte","legislatoR_precomputed","matched","male",1939-05-24,2022-01-25,"gpv",NA,NA,"",""
"nl.proc.sgd.d.198119820000897.9.6.13","Dick Tommel","https://en.wikipedia.org/wiki/Dick_Tommel","legislatoR_precomputed","matched","male",1942-04-18,NA,"d66",NA,NA,"",""
"nl.proc.sgd.d.198119820000918.6.4.5","","","","ambiguous","",NA,NA,"",NA,NA,"",""
"nl.proc.sgd.d.198119820000939.3.9.1","Henk van Rossum","https://en.wikipedia.org/wiki/Henk_van_Rossum","legislatoR_precomputed","matched","male",1919-12-14,2017-06-17,"sgp",NA,NA,"",""
"nl.proc.sgd.d.198219830000730.3.3.1","Gert Schutte","https://en.wikipedia.org/wiki/Gert_Schutte","legislatoR_precomputed","matched","male",1939-05-24,2022-01-25,"gpv",NA,NA,"",""
"nl.proc.sgd.d.198219830000730.3.5.1","Bas van der Vlies","https://en.wikipedia.org/wiki/Bas_van_der_Vlies","legislatoR_precomputed","matched","male",1942-06-29,2021-11-07,"sgp",NA,NA,"",""
"nl.proc.sgd.d.198219830000733.9.5.18","Meindert Leerling","https://en.wikipedia.org/wiki/Meindert_Leerling","legislatoR_precomputed","matched","male",1936-01-11,2021-05-09,"rpf",NA,NA,"",""
"nl.proc.sgd.d.198219830000733.9.5.19","Wilbert Willems","https://en.wikipedia.org/wiki/Wilbert_Willems","legislatoR_precomputed","matched","male",1946-11-02,NA,"psp | groenlinks",NA,NA,"",""
"nl.proc.sgd.d.198219830000812.2.12.1","Aad Wagenaar","https://en.wikipedia.org/wiki/Aad_Wagenaar_%28politicus%29","legislatoR_precomputed","matched","male",1940-12-04,NA,"rpf",NA,NA,"",""
"nl.proc.sgd.d.198219830000817.2.13.66","","","","ambiguous","",NA,NA,"",NA,NA,"",""
"nl.proc.sgd.d.198219830000746.4.12.57","Gijs van Aardenne","https://en.wikipedia.org/wiki/Gijs_van_Aardenne","legislatoR_precomputed","matched","male",1930-03-18,1995-08-10,"vvd",NA,NA,"",""
"nl.proc.sgd.d.198219830000746.4.14.1","Maarten Engwirda","https://en.wikipedia.org/wiki/Maarten_Engwirda","legislatoR_precomputed","matched","male",1943-06-02,NA,"d 66 | d66",NA,NA,"",""
"nl.proc.sgd.d.198219830000746.4.15.1","Arie van der Hek","https://en.wikipedia.org/wiki/Arie_van_der_Hek","legislatoR_precomputed","matched","male",1938-09-12,NA,"pvda",NA,NA,"",""
"nl.proc.sgd.d.198219830000746.4.18.7","Arie van der Hek","https://en.wikipedia.org/wiki/Arie_van_der_Hek","legislatoR_precomputed","matched","male",1938-09-12,NA,"pvda",NA,NA,"",""
"nl.proc.sgd.d.198219830000822.2.14.1","Martin Konings","https://en.wikipedia.org/wiki/Martin_Konings","legislatoR_precomputed","matched","male",1929-03-15,2020-07-28,"pvda",NA,NA,"",""
"nl.proc.sgd.d.198219830000752.3.7.3","Hans Gualthérie van Weezel","https://en.wikipedia.org/wiki/Hans_Gualth%C3%A9rie_van_Weezel","legislatoR_precomputed","matched","male",1941-07-26,NA,"cda",NA,NA,"",""
"nl.proc.sgd.d.198219830000771.3.3.2","Marten Beinema","https://en.wikipedia.org/wiki/Marten_Beinema","legislatoR_precomputed","matched","male",1932-11-26,2008-08-20,"cda",NA,NA,"",""
"nl.proc.sgd.d.198319840000888.2.11.18","Gerrit Brokx","https://en.wikipedia.org/wiki/Gerrit_Brokx","legislatoR_precomputed","matched","male",1933-06-22,2002-01-11,"cda",NA,NA,"",""
"nl.proc.sgd.d.198319840000028.6.15.1","","","","no_match","",NA,NA,"",NA,NA,"",""
"nl.proc.sgd.d.198319840000836.4.3.1","Henk van Rossum","https://en.wikipedia.org/wiki/Henk_van_Rossum","legislatoR_precomputed","matched","male",1919-12-14,2017-06-17,"sgp",NA,NA,"",""
"nl.proc.sgd.d.198319840000842.7.9.1","Henk van Rossum","https://en.wikipedia.org/wiki/Henk_van_Rossum","legislatoR_precomputed","matched","male",1919-12-14,2017-06-17,"sgp",NA,NA,"",""
"nl.proc.sgd.d.198419850001034.2.25.1","Evelien Eshuis","https://en.wikipedia.org/wiki/Evelien_Eshuis","legislatoR_precomputed","matched","female",1942-11-25,NA,"cpn",NA,NA,"",""
"nl.proc.sgd.d.198419850000960.4.15.3","Evelien Eshuis","https://en.wikipedia.org/wiki/Evelien_Eshuis","legislatoR_precomputed","matched","female",1942-11-25,NA,"cpn",NA,NA,"",""
"nl.proc.sgd.d.198419850000960.4.16.1","Hans Janmaat","https://en.wikipedia.org/wiki/Hans_Janmaat","legislatoR_precomputed","matched","male",1934-11-03,2002-06-09,"centrumpartij | centrumdemocraten | centrum democraten",NA,NA,"",""
"nl.proc.sgd.d.198419850000962.12.11.1","Gert Schutte","https://en.wikipedia.org/wiki/Gert_Schutte","legislatoR_precomputed","matched","male",1939-05-24,2022-01-25,"gpv",NA,NA,"",""
"nl.proc.sgd.d.198419850001005.3.12.1","Wim van Eekelen","https://en.wikipedia.org/wiki/Wim_van_Eekelen","legislatoR_precomputed","matched","male",1931-02-05,NA,"vvd",NA,NA,"",""
"nl.proc.sgd.d.198419850001005.3.18.1","Gert Schutte","https://en.wikipedia.org/wiki/Gert_Schutte","legislatoR_precomputed","matched","male",1939-05-24,2022-01-25,"gpv",NA,NA,"",""
"nl.proc.sgd.d.198419850001005.3.6.1","Gert Schutte","https://en.wikipedia.org/wiki/Gert_Schutte","legislatoR_precomputed","matched","male",1939-05-24,2022-01-25,"gpv",NA,NA,"",""
"nl.proc.sgd.d.198519860000865.2.2.1","Frits Niessen","https://en.wikipedia.org/wiki/Frits_Niessen","legislatoR_precomputed","matched","male",1936-09-16,2020-10-23,"pvda",NA,NA,"",""
"nl.proc.sgd.d.198519860000775.8.8.1","Joost van Iersel","https://en.wikipedia.org/wiki/Joost_van_Iersel","legislatoR_precomputed","matched","male",1940-07-04,NA,"cda",NA,NA,"",""
"nl.proc.sgd.d.198519860000868.2.10.1","Gijs van Aardenne","https://en.wikipedia.org/wiki/Gijs_van_Aardenne","legislatoR_precomputed","matched","male",1930-03-18,1995-08-10,"vvd",NA,NA,"",""
"nl.proc.sgd.d.198519860000868.2.17.1","Peter Lankhorst","https://en.wikipedia.org/wiki/Peter_Lankhorst","legislatoR_precomputed","matched","male",1947-01-01,NA,"ppr | groenlinks",NA,NA,"",""
"nl.proc.sgd.d.198519860000868.2.35.20","Gijs van Aardenne","https://en.wikipedia.org/wiki/Gijs_van_Aardenne","legislatoR_precomputed","matched","male",1930-03-18,1995-08-10,"vvd",NA,NA,"",""
"nl.proc.sgd.d.198519860000875.2.8.7","Gijs van Aardenne","https://en.wikipedia.org/wiki/Gijs_van_Aardenne","legislatoR_precomputed","matched","male",1930-03-18,1995-08-10,"vvd",NA,NA,"",""
"nl.proc.sgd.d.198519860000888.2.7.1","Elco Brinkman","https://en.wikipedia.org/wiki/Elco_Brinkman","legislatoR_precomputed","matched","male",1948-02-05,NA,"cda",NA,NA,"",""
"nl.proc.sgd.d.198519860000897.2.5.7","Elco Brinkman","https://en.wikipedia.org/wiki/Elco_Brinkman","legislatoR_precomputed","matched","male",1948-02-05,NA,"cda",NA,NA,"",""
"nl.proc.sgd.d.198519860000852.2.5.1","Bas van der Vlies","https://en.wikipedia.org/wiki/Bas_van_der_Vlies","legislatoR_precomputed","matched","male",1942-06-29,2021-11-07,"sgp",NA,NA,"",""
"nl.proc.sgd.d.198619870000928.20.5.1","Meindert Leerling","https://en.wikipedia.org/wiki/Meindert_Leerling","legislatoR_precomputed","matched","male",1936-01-11,2021-05-09,"rpf",NA,NA,"",""
"nl.proc.sgd.d.198619870000939.6.2.1","","","","no_match","",NA,NA,"",NA,NA,"",""
"nl.proc.sgd.d.198619870000939.6.9.1","Sari van Heemskerck Pillis-Duvekot","https://en.wikipedia.org/wiki/Sari_van_Heemskerck_Pillis-Duvekot","legislatoR_precomputed","matched","male",1940-05-02,NA,"vvd",NA,NA,"",""
"nl.proc.sgd.d.198719880000815.4.2.1","Dick Dees","https://en.wikipedia.org/wiki/Dick_Dees","legislatoR_precomputed","matched","male",1944-12-13,NA,"vvd",NA,NA,"",""
"nl.proc.sgd.d.198719880000815.4.5.1","Bas van der Vlies","https://en.wikipedia.org/wiki/Bas_van_der_Vlies","legislatoR_precomputed","matched","male",1942-06-29,2021-11-07,"sgp",NA,NA,"",""
"nl.proc.sgd.d.198719880000826.2.18.7","Hans van Mierlo","https://en.wikipedia.org/wiki/Hans_van_Mierlo_%28D66%29","legislatoR_precomputed","matched","male",1931-08-18,2010-03-11,"d 66 | d66",NA,NA,"",""
"nl.proc.sgd.d.198719880000830.4.3.1","Aad Nuis","https://en.wikipedia.org/wiki/Aad_Nuis","legislatoR_precomputed","matched","male",1933-07-18,2007-11-08,"d66",NA,NA,"",""
"nl.proc.sgd.d.198719880000831.3.2.1","Frits Niessen","https://en.wikipedia.org/wiki/Frits_Niessen","legislatoR_precomputed","matched","male",1936-09-16,2020-10-23,"pvda",NA,NA,"",""
"nl.proc.sgd.d.198719880000865.2.14.1","Aad Nuis","https://en.wikipedia.org/wiki/Aad_Nuis","legislatoR_precomputed","matched","male",1933-07-18,2007-11-08,"d66",NA,NA,"",""
"nl.proc.sgd.d.198819890000870.5.9.47","","","","ambiguous","",NA,NA,"",NA,NA,"",""
"nl.proc.sgd.d.198819890000881.2.3.11","Henk Koning","https://en.wikipedia.org/wiki/Henk_Koning_%28politicus%29","legislatoR_precomputed","matched","male",1933-06-07,2016-12-31,"vvd",NA,NA,"",""
"nl.proc.sgd.d.198819890000976.2.4.1","Thijs van Vlijmen","https://en.wikipedia.org/wiki/Thijs_van_Vlijmen","legislatoR_precomputed","matched","male",1930-09-07,NA,"cda",NA,NA,"",""
"nl.proc.sgd.d.198819890000904.5.8.9","Frits Korthals Altes","https://en.wikipedia.org/wiki/Frits_Korthals_Altes","legislatoR_precomputed","matched","male",1931-05-15,NA,"vvd",NA,NA,"",""
"nl.proc.sgd.d.198919900000818.2.2.1","Henk Koning","https://en.wikipedia.org/wiki/Henk_Koning_%28politicus%29","legislatoR_precomputed","matched","male",1933-06-07,2016-12-31,"vvd",NA,NA,"",""
"nl.proc.sgd.d.198919900000901.2.10.1","Ien Dales","https://en.wikipedia.org/wiki/Ien_Dales","legislatoR_precomputed","matched","female",1931-10-18,1994-01-10,"pvda",NA,NA,"",""
"nl.proc.sgd.d.198919900000905.2.2.317","Jan te Veldhuis","https://en.wikipedia.org/wiki/Jan_te_Veldhuis","legislatoR_precomputed","matched","male",1947-03-14,NA,"vvd",NA,NA,"",""
"nl.proc.sgd.d.199019910000885.2.3.1","","","","no_match","",NA,NA,"",NA,NA,"",""
"nl.proc.sgd.d.199019910000793.6.6.1","","","","no_match","",NA,NA,"",NA,NA,"",""
"nl.proc.sgd.d.199019910000892.2.6.1","","","","no_match","",NA,NA,"",NA,NA,"",""
"nl.proc.sgd.d.199019910000816.3.5.1","Gert Schutte","https://en.wikipedia.org/wiki/Gert_Schutte","legislatoR_precomputed","matched","male",1939-05-24,2022-01-25,"gpv",NA,NA,"",""
"nl.proc.sgd.d.199019910000826.12.6.1","Gerrit-Jan Wolffensperger","https://en.wikipedia.org/wiki/Gerrit_Jan_Wolffensperger","legislatoR_precomputed","matched","male",1944-08-09,NA,"d66",NA,NA,"",""
"nl.proc.sgd.d.199019910000836.2.7.1","Bas van der Vlies","https://en.wikipedia.org/wiki/Bas_van_der_Vlies","legislatoR_precomputed","matched","male",1942-06-29,2021-11-07,"sgp",NA,NA,"",""
"nl.proc.sgd.d.199019910000842.6.5.4","","","","ambiguous","",NA,NA,"",NA,NA,"",""
"nl.proc.sgd.d.199119920000965.2.11.6","Louw de Graaf","https://en.wikipedia.org/wiki/Louw_de_Graaf","legislatoR_precomputed","matched","male",1930-04-12,2020-07-15,"cda",NA,NA,"",""
"nl.proc.sgd.d.199119920000885.6.11.3","Hans Janmaat","https://en.wikipedia.org/wiki/Hans_Janmaat","legislatoR_precomputed","matched","male",1934-11-03,2002-06-09,"centrumpartij | centrumdemocraten | centrum democraten",NA,NA,"",""
"nl.proc.sgd.d.199119920000949.5.4.26","Leoni Sipkes","https://en.wikipedia.org/wiki/Leoni_Sipkes","legislatoR_precomputed","matched","female",1949-04-02,NA,"groenlinks",NA,NA,"",""
"nl.proc.sgd.d.199119920001009.2.2.1","Nel Mulder-van Dam","https://en.wikipedia.org/wiki/Nel_Mulder-van_Dam","legislatoR_precomputed","matched","female",1936-09-20,NA,"cda",NA,NA,"",""
"nl.proc.sgd.d.199219930000818.8.3.32","Rudolf de Korte","https://en.wikipedia.org/wiki/Rudolf_de_Korte","legislatoR_precomputed","matched","male",1936-07-08,2020-01-09,"vvd",NA,NA,"",""
"nl.proc.sgd.d.199219930000823.5.6.3","","","","ambiguous","",NA,NA,"",NA,NA,"",""
"nl.proc.sgd.d.199219930000843.2.9.93","","","","ambiguous","",NA,NA,"",NA,NA,"",""
"nl.proc.sgd.d.199219930000844.3.2.93","Elske ter Veld","https://en.wikipedia.org/wiki/Elske_ter_Veld","legislatoR_precomputed","matched","female",1944-08-01,2017-05-14,"pvda",NA,NA,"",""
"nl.proc.sgd.d.199219930000844.3.2.95","Elske ter Veld","https://en.wikipedia.org/wiki/Elske_ter_Veld","legislatoR_precomputed","matched","female",1944-08-01,2017-05-14,"pvda",NA,NA,"",""
"nl.proc.sgd.d.199219930000844.3.2.96","","","","ambiguous","",NA,NA,"",NA,NA,"",""
"nl.proc.sgd.d.199219930000913.2.3.1","Jan Dirk Blaauw","https://en.wikipedia.org/wiki/Jan_Dirk_Blaauw","legislatoR_precomputed","matched","male",1941-04-27,2020-02-24,"vvd",NA,NA,"",""
"nl.proc.sgd.d.199219930000913.2.8.1","Jan Dirk Blaauw","https://en.wikipedia.org/wiki/Jan_Dirk_Blaauw","legislatoR_precomputed","matched","male",1941-04-27,2020-02-24,"vvd",NA,NA,"",""
"nl.proc.sgd.d.199219930000854.3.3.18","Jan te Veldhuis","https://en.wikipedia.org/wiki/Jan_te_Veldhuis","legislatoR_precomputed","matched","male",1947-03-14,NA,"vvd",NA,NA,"",""
"nl.proc.sgd.d.199219930000858.11.2.1","","","","no_match","",NA,NA,"",NA,NA,"",""
"nl.proc.sgd.d.199319940001089.6.3.2","Bas van der Vlies","https://en.wikipedia.org/wiki/Bas_van_der_Vlies","legislatoR_precomputed","matched","male",1942-06-29,2021-11-07,"sgp",NA,NA,"",""
"nl.proc.sgd.d.199319940001089.6.4.7","Servaes Huys","https://en.wikipedia.org/wiki/Servaes_Huys","legislatoR_precomputed","matched","male",1940-03-26,2016-11-22,"pvda",NA,NA,"",""
"nl.proc.sgd.d.199319940001090.4.2.1","","","","no_match","",NA,NA,"",NA,NA,"",""
"nl.proc.sgd.d.199319940001092.7.6.1","Ad Melkert","https://en.wikipedia.org/wiki/Ad_Melkert","legislatoR_precomputed","matched","male",1956-02-12,NA,"pvda",NA,NA,"",""
"nl.proc.sgd.d.199319940001192.2.7.1","Gert Schutte","https://en.wikipedia.org/wiki/Gert_Schutte","legislatoR_precomputed","matched","male",1939-05-24,2022-01-25,"gpv",NA,NA,"",""
"nl.proc.sgd.d.199419950000325.4.2.1","Hella Voûte-Droste","https://en.wikipedia.org/wiki/Hella_Vo%C3%BBte-Droste","legislatoR_precomputed","matched","female",1943-07-05,NA,"vvd",NA,NA,"",""
"nl.proc.sgd.d.199419950000325.4.4.1","Marijn de Koning","https://en.wikipedia.org/wiki/Marijn_de_Koning","legislatoR_precomputed","matched","female",1943-03-25,2021-11-30,"d66",NA,NA,"",""
"nl.proc.ob.d.h-tk-19941995-49-3158-3177.1.7.8","Hans Janmaat","https://en.wikipedia.org/wiki/Hans_Janmaat","legislatoR_precomputed","matched","male",1934-11-03,2002-06-09,"centrumpartij | centrumdemocraten | centrum democraten",NA,NA,"",""
"nl.proc.ob.d.h-tk-19941995-57-3517-3546.1.13.8","Machteld Versnel-Schmitz","https://en.wikipedia.org/wiki/Machteld_Versnel-Schmitz","legislatoR_precomputed","matched","female",1940-09-08,2019-07-29,"d66",NA,NA,"",""
"nl.proc.ob.d.h-tk-19951996-23-1560-1620.1.9.26","","","","ambiguous","",NA,NA,"",NA,NA,"",""
"nl.proc.ob.d.h-tk-19951996-26-1833-1847.1.8.1","Gert Schutte","https://en.wikipedia.org/wiki/Gert_Schutte","legislatoR_precomputed","matched","male",1939-05-24,2022-01-25,"gpv",NA,NA,"",""
"nl.proc.ob.d.h-tk-19951996-63-4397-4429.1.12.1","Mohamed Rabbae","https://en.wikipedia.org/wiki/Mohamed_Rabbae","legislatoR_precomputed","matched","male",1941-03-08,2022-05-17,"groenlinks",NA,NA,"",""
"nl.proc.ob.d.h-tk-19951996-75-5116-5133.1.8.1","Dick Stellingwerf","https://en.wikipedia.org/wiki/Dick_Stellingwerf","legislatoR_precomputed","matched","male",1953-05-23,NA,"rpf",NA,NA,"",""
"nl.proc.ob.d.h-tk-19961997-637-661.1.6.18","Eimert van Middelkoop","https://en.wikipedia.org/wiki/Eimert_van_Middelkoop","legislatoR_precomputed","matched","male",1949-02-14,NA,"gpv",NA,NA,"",""
"nl.proc.ob.d.h-tk-19961997-1045-1069.1.6.17","","","","ambiguous","",NA,NA,"",NA,NA,"",""
"nl.proc.ob.d.h-tk-19961997-4846-4860.1.9.5","Gert Schutte","https://en.wikipedia.org/wiki/Gert_Schutte","legislatoR_precomputed","matched","male",1939-05-24,2022-01-25,"gpv",NA,NA,"",""
"nl.proc.ob.d.h-tk-19971998-341-361.1.7.13","Marijn de Koning","https://en.wikipedia.org/wiki/Marijn_de_Koning","legislatoR_precomputed","matched","female",1943-03-25,2021-11-30,"d66",NA,NA,"",""
"nl.proc.ob.d.h-tk-19971998-474-487.1.6.1","Leoni Sipkes","https://en.wikipedia.org/wiki/Leoni_Sipkes","legislatoR_precomputed","matched","female",1949-04-02,NA,"groenlinks",NA,NA,"",""
"nl.proc.ob.d.h-tk-19971998-474-487.1.7.3","","","","no_match","",NA,NA,"",NA,NA,"",""
"nl.proc.ob.d.h-tk-19961997-1754-1801.1.12.3","","","","ambiguous","",NA,NA,"",NA,NA,"",""
"nl.proc.ob.d.h-tk-19961997-1824-1893.1.7.8","","","","no_match","",NA,NA,"",NA,NA,"",""
"nl.proc.ob.d.h-tk-19961997-1824-1893.1.9.22","Aad Nuis","https://en.wikipedia.org/wiki/Aad_Nuis","legislatoR_precomputed","matched","male",1933-07-18,2007-11-08,"d66",NA,NA,"",""
"nl.proc.ob.d.h-tk-19961997-1824-1893.1.9.24","Aad Nuis","https://en.wikipedia.org/wiki/Aad_Nuis","legislatoR_precomputed","matched","male",1933-07-18,2007-11-08,"d66",NA,NA,"",""
"nl.proc.ob.d.h-tk-19981999-264-284.1.5.15","","","","no_match","",NA,NA,"",NA,NA,"",""
"nl.proc.ob.d.h-tk-19981999-613-642.1.10.34","Remi Poppe","https://en.wikipedia.org/wiki/Remi_Poppe","legislatoR_precomputed","matched","male",1938-07-19,NA,"sp",NA,NA,"",""
"nl.proc.ob.d.h-tk-19981999-1231-1245.1.8.3","Kees van der Staaij","https://en.wikipedia.org/wiki/Kees_van_der_Staaij","legislatoR_precomputed","matched","male",1968-09-12,NA,"sgp",NA,NA,"",""
"nl.proc.ob.d.h-tk-19981999-2152-2171.1.8.1","","","","no_match","",NA,NA,"",NA,NA,"",""
"nl.proc.ob.d.h-tk-19981999-2283-2322.1.7.31","Enric Hessing","https://en.wikipedia.org/wiki/Enric_Hessing","legislatoR_precomputed","matched","male",1947-12-17,NA,"vvd",NA,NA,"",""
"nl.proc.ob.d.h-tk-19981999-2283-2322.1.7.36","Eimert van Middelkoop","https://en.wikipedia.org/wiki/Eimert_van_Middelkoop","legislatoR_precomputed","matched","male",1949-02-14,NA,"gpv",NA,NA,"",""
"nl.proc.ob.d.h-tk-19981999-2283-2322.1.7.43","","","","no_match","",NA,NA,"",NA,NA,"",""
"nl.proc.ob.d.h-tk-19981999-2283-2322.1.9.1","","","","ambiguous","",NA,NA,"",NA,NA,"",""
"nl.proc.ob.d.h-tk-19981999-2375-2426.1.13.9","Enric Hessing","https://en.wikipedia.org/wiki/Enric_Hessing","legislatoR_precomputed","matched","male",1947-12-17,NA,"vvd",NA,NA,"",""
"nl.proc.ob.d.h-tk-19981999-2375-2426.1.6.57","","","","no_match","",NA,NA,"",NA,NA,"",""
"nl.proc.ob.d.h-tk-19981999-5249-5292.1.10.14","Ferd Crone","https://en.wikipedia.org/wiki/Ferd_Crone","legislatoR_precomputed","matched","male",1954-07-19,NA,"pvda",NA,NA,"",""
"nl.proc.ob.d.h-tk-19981999-5249-5292.1.6.1","","","","ambiguous","",NA,NA,"",NA,NA,"",""
"nl.proc.ob.d.h-tk-19992000-6-79.1.9.1","","","","ambiguous","",NA,NA,"",NA,NA,"",""
"nl.proc.ob.d.h-tk-19992000-109-154.1.11.4","","","","ambiguous","",NA,NA,"",NA,NA,"",""
"nl.proc.ob.d.h-tk-19992000-109-154.1.17.2","","","","ambiguous","",NA,NA,"",NA,NA,"",""
"nl.proc.ob.d.h-tk-19992000-109-154.1.20.1","","","","ambiguous","",NA,NA,"",NA,NA,"",""
"nl.proc.ob.d.h-tk-19992000-384-423.1.7.1","Ferd Crone","https://en.wikipedia.org/wiki/Ferd_Crone","legislatoR_precomputed","matched","male",1954-07-19,NA,"pvda",NA,NA,"",""
"nl.proc.ob.d.h-tk-19992000-702-747.1.12.2","Remi Poppe","https://en.wikipedia.org/wiki/Remi_Poppe","legislatoR_precomputed","matched","male",1938-07-19,NA,"sp",NA,NA,"",""
"nl.proc.ob.d.h-tk-19992000-806-841.1.6.3","Henk Gortzak","https://en.wikipedia.org/wiki/Henk_Gortzak","legislatoR_precomputed","matched","male",1908-04-25,1989-03-31,"cpn",NA,NA,"",""
"nl.proc.ob.d.h-tk-19992000-1311-1363.1.8.224","Tineke Netelenbos","https://en.wikipedia.org/wiki/Tineke_Netelenbos","legislatoR_precomputed","matched","female",1944-02-15,NA,"pvda",NA,NA,"",""
"nl.proc.ob.d.h-tk-19992000-5683-5704.1.11.29","Ferd Crone","https://en.wikipedia.org/wiki/Ferd_Crone","legislatoR_precomputed","matched","male",1954-07-19,NA,"pvda",NA,NA,"",""
"nl.proc.ob.d.h-tk-20002001-338-357.1.9.1","Eimert van Middelkoop","https://en.wikipedia.org/wiki/Eimert_van_Middelkoop","legislatoR_precomputed","matched","male",1949-02-14,NA,"gpv",NA,NA,"",""
"nl.proc.ob.d.h-tk-20002001-387-430.1.9.53","Cas van Beek","https://en.wikipedia.org/wiki/Cas_van_Beek","legislatoR_precomputed","matched","male",1914-04-14,1986-08-26,"kvp",NA,NA,"",""
"nl.proc.ob.d.h-tk-20002001-3596-3628.1.6.1","Bas van der Vlies","https://en.wikipedia.org/wiki/Bas_van_der_Vlies","legislatoR_precomputed","matched","male",1942-06-29,2021-11-07,"sgp",NA,NA,"",""
"nl.proc.ob.d.h-tk-20022003-1208-1227.1.8.5","Adri Duivesteijn","https://en.wikipedia.org/wiki/Adri_Duivesteijn","legislatoR_precomputed","matched","male",1950-08-27,NA,"pvda",NA,NA,"",""
"nl.proc.ob.d.h-tk-20022003-3275-3313.1.8.1","","","","ambiguous","",NA,NA,"",NA,NA,"",""
"nl.proc.ob.d.h-tk-20022003-3815-3859.1.7.95","Johannes Hendricus Donner","https://en.wikipedia.org/wiki/Johannes_Hendricus_Donner","legislatoR_precomputed","matched","male",1824-10-18,1903-08-31,"antirevolutionairen | arp",NA,NA,"",""
"nl.proc.ob.d.h-tk-20032004-2805-2831.1.10.5","Mat Herben","https://en.wikipedia.org/wiki/Mat_Herben","legislatoR_precomputed","matched","male",1952-07-15,NA,"lpf",NA,NA,"",""
"nl.proc.ob.d.h-tk-20032004-5282-5297.1.13.19","","","","no_match","",NA,NA,"",NA,NA,"",""
"nl.proc.ob.d.h-tk-20032004-6288-6306.1.6.1","","","","ambiguous","",NA,NA,"",NA,NA,"",""
"nl.proc.ob.d.h-tk-20042005-3231-3261.1.7.1","Boris van der Ham","https://en.wikipedia.org/wiki/Boris_van_der_Ham","legislatoR_precomputed","matched","male",1973-08-29,NA,"d66",NA,NA,"",""
"nl.proc.ob.d.h-tk-20042005-4665-4688.1.7.27","","","","no_match","",NA,NA,"",NA,NA,"",""
"nl.proc.ob.d.h-tk-20042005-5975-5992.1.6.1","Bas van der Vlies","https://en.wikipedia.org/wiki/Bas_van_der_Vlies","legislatoR_precomputed","matched","male",1942-06-29,2021-11-07,"sgp",NA,NA,"",""
"nl.proc.ob.d.h-tk-20052006-32-67.1.10.3","Bas van der Vlies","https://en.wikipedia.org/wiki/Bas_van_der_Vlies","legislatoR_precomputed","matched","male",1942-06-29,2021-11-07,"sgp",NA,NA,"",""
"nl.proc.ob.d.h-tk-20052006-32-67.1.5.139","Jan van Aartsen","https://en.wikipedia.org/wiki/Jan_van_Aartsen","legislatoR_precomputed","matched","male",1909-09-15,1992-02-03,"arp",NA,NA,"",""
"nl.proc.ob.d.h-tk-20052006-399-426.1.8.2","Bas van der Vlies","https://en.wikipedia.org/wiki/Bas_van_der_Vlies","legislatoR_precomputed","matched","male",1942-06-29,2021-11-07,"sgp",NA,NA,"",""
"nl.proc.ob.d.h-tk-20052006-399-426.1.8.4","Bas van der Vlies","https://en.wikipedia.org/wiki/Bas_van_der_Vlies","legislatoR_precomputed","matched","male",1942-06-29,2021-11-07,"sgp",NA,NA,"",""
"nl.proc.ob.d.h-tk-20052006-636-662.1.12.56","","","","no_match","",NA,NA,"",NA,NA,"",""
"nl.proc.ob.d.h-tk-20052006-1409-1427.1.8.43","","","","no_match","",NA,NA,"",NA,NA,"",""
"nl.proc.ob.d.h-tk-20052006-1482-1506.1.8.70","","","","ambiguous","",NA,NA,"",NA,NA,"",""
"nl.proc.ob.d.h-tk-20052006-1507-1516.1.10.11","","","","no_match","",NA,NA,"",NA,NA,"",""
"nl.proc.ob.d.h-tk-20052006-1507-1516.1.14.2","Kees van der Staaij","https://en.wikipedia.org/wiki/Kees_van_der_Staaij","legislatoR_precomputed","matched","male",1968-09-12,NA,"sgp",NA,NA,"",""
"nl.proc.ob.d.h-tk-20052006-1507-1516.1.14.3","Mat Herben","https://en.wikipedia.org/wiki/Mat_Herben","legislatoR_precomputed","matched","male",1952-07-15,NA,"lpf",NA,NA,"",""
"nl.proc.ob.d.h-tk-20052006-1507-1516.1.14.5","","","","no_match","",NA,NA,"",NA,NA,"",""
"nl.proc.ob.d.h-tk-20062007-233-268.1.6.14","","","","ambiguous","",NA,NA,"",NA,NA,"",""
"nl.proc.ob.d.h-tk-20062007-272-294.1.8.76","Femke Halsema","https://en.wikipedia.org/wiki/Femke_Halsema","legislatoR_precomputed","matched","female",1966-04-25,NA,"groenlinks",NA,NA,"",""
"nl.proc.ob.d.h-tk-20062007-294-351.1.14.1","Bas van der Vlies","https://en.wikipedia.org/wiki/Bas_van_der_Vlies","legislatoR_precomputed","matched","male",1942-06-29,2021-11-07,"sgp",NA,NA,"",""
"nl.proc.ob.d.h-tk-20062007-294-351.1.17.6","","","","no_match","",NA,NA,"",NA,NA,"",""
"nl.proc.ob.d.h-tk-20062007-294-351.1.8.13","","","","ambiguous","",NA,NA,"",NA,NA,"",""
"nl.proc.ob.d.h-tk-20062007-294-351.1.9.1","","","","ambiguous","",NA,NA,"",NA,NA,"",""
"nl.proc.ob.d.h-tk-20062007-294-351.1.9.2","","","","ambiguous","",NA,NA,"",NA,NA,"",""
"nl.proc.ob.d.h-tk-20062007-835-851.1.9.13","","","","no_match","",NA,NA,"",NA,NA,"",""
"nl.proc.ob.d.h-tk-20062007-897-919.1.10.1","","","","ambiguous","",NA,NA,"",NA,NA,"",""
"nl.proc.ob.d.h-tk-20062007-942-969.1.11.1","","","","no_match","",NA,NA,"",NA,NA,"",""
"nl.proc.ob.d.h-tk-20062007-942-969.1.6.69","","","","ambiguous","",NA,NA,"",NA,NA,"",""
"nl.proc.ob.d.h-tk-20062007-1002-1048.1.10.1","","","","no_match","",NA,NA,"",NA,NA,"",""
"nl.proc.ob.d.h-tk-20062007-973-1000.1.12.1","","","","no_match","",NA,NA,"",NA,NA,"",""
"nl.proc.ob.d.h-tk-20062007-973-1000.1.17.3","","","","no_match","",NA,NA,"",NA,NA,"",""
"nl.proc.ob.d.h-tk-20062007-2317-2328.1.9.4","","","","no_match","",NA,NA,"",NA,NA,"",""
"nl.proc.ob.d.h-tk-20062007-2369-2373.1.5.7","Antoon Veerman","https://en.wikipedia.org/wiki/Antoon_Veerman","legislatoR_precomputed","matched","male",1916-10-11,1993-12-19,"arp | cda",NA,NA,"",""
"nl.proc.ob.d.h-tk-20062007-2634-2731.1.5.3","","","","no_match","",NA,NA,"",NA,NA,"",""
"nl.proc.ob.d.h-tk-20062007-3493-3511.1.10.1","Martin Bosma","https://en.wikipedia.org/wiki/Martin_Bosma","legislatoR_precomputed","matched","male",1964-07-16,NA,"pvv",NA,NA,"",""
"nl.proc.ob.d.h-tk-20062007-4736-4783.1.7.1","Han ten Broeke","https://en.wikipedia.org/wiki/Han_ten_Broeke","legislatoR_precomputed","matched","male",1969-03-02,NA,"vvd",NA,NA,"",""
"nl.proc.ob.d.h-tk-20062007-5260-5319.1.4.55","Geert Wilders","https://en.wikipedia.org/wiki/Geert_Wilders","legislatoR_precomputed","matched","male",1963-09-06,NA,"pvv",NA,NA,"",""
"nl.proc.ob.d.h-tk-20072008-2953-2979.1.6.1","","","","ambiguous","",NA,NA,"",NA,NA,"",""
"nl.proc.ob.d.h-tk-20072008-3146-3159.1.8.11","Remi Poppe","https://en.wikipedia.org/wiki/Remi_Poppe","legislatoR_precomputed","matched","male",1938-07-19,NA,"sp",NA,NA,"",""
"nl.proc.ob.d.h-tk-20072008-3328-3383.1.10.19","","","","no_match","",NA,NA,"",NA,NA,"",""
"nl.proc.ob.d.h-tk-20072008-3328-3383.1.11.54","Fleur Agema","https://en.wikipedia.org/wiki/Fleur_Agema","legislatoR_precomputed","matched","female",1976-09-16,NA,"pvv",NA,NA,"",""
"nl.proc.ob.d.h-tk-20072008-6115-6150.1.6.78","","","","ambiguous","",NA,NA,"",NA,NA,"",""
"nl.proc.ob.d.h-tk-20082009-483-512.1.9.1","Fatma Koşer Kaya","https://en.wikipedia.org/wiki/Fatma_Ko%C5%9Fer_Kaya","legislatoR_precomputed","matched","female",1968-02-20,NA,"d66",NA,NA,"",""
"nl.proc.ob.d.h-tk-20082009-933-959.1.10.1","Dion Graus","https://en.wikipedia.org/wiki/Dion_Graus","legislatoR_precomputed","matched","male",1967-03-19,NA,"pvv",NA,NA,"",""
"nl.proc.ob.d.h-tk-20082009-2498-2507.1.7.1","","","","ambiguous","",NA,NA,"",NA,NA,"",""
"nl.proc.ob.d.h-tk-20082009-6487-6508.1.12.1","Kees van der Staaij","https://en.wikipedia.org/wiki/Kees_van_der_Staaij","legislatoR_precomputed","matched","male",1968-09-12,NA,"sgp",NA,NA,"",""
"nl.proc.ob.d.h-tk-20082009-6487-6508.1.13.60","Remi Poppe","https://en.wikipedia.org/wiki/Remi_Poppe","legislatoR_precomputed","matched","male",1938-07-19,NA,"sp",NA,NA,"",""
"nl.proc.ob.d.h-tk-20082009-6633-6636.1.5.8","Raymond de Roon","https://en.wikipedia.org/wiki/Raymond_de_Roon","legislatoR_precomputed","matched","male",1952-09-01,NA,"pvv",NA,NA,"",""
"nl.proc.ob.d.h-tk-20092010-22-1865.1.12.49","Martin Bosma","https://en.wikipedia.org/wiki/Martin_Bosma","legislatoR_precomputed","matched","male",1964-07-16,NA,"pvv",NA,NA,"",""
"nl.proc.ob.d.h-tk-20092010-25-2283.1.6.1","Han ten Broeke","https://en.wikipedia.org/wiki/Han_ten_Broeke","legislatoR_precomputed","matched","male",1969-03-02,NA,"vvd",NA,NA,"",""
"nl.proc.ob.d.h-tk-20092010-28-2553.1.14.1","Kees van der Staaij","https://en.wikipedia.org/wiki/Kees_van_der_Staaij","legislatoR_precomputed","matched","male",1968-09-12,NA,"sgp",NA,NA,"",""
"nl.proc.ob.d.h-tk-20102011-14-2.1.13.24","Geert Wilders","https://en.wikipedia.org/wiki/Geert_Wilders","legislatoR_precomputed","matched","male",1963-09-06,NA,"pvv",NA,NA,"",""
"nl.proc.ob.d.h-tk-20102011-14-2.1.7.710","","","","ambiguous","",NA,NA,"",NA,NA,"",""
"nl.proc.ob.d.h-tk-20102011-31-42.1.10.1","Hanke Bruins Slot","https://en.wikipedia.org/wiki/Hanke_Bruins_Slot","legislatoR_precomputed","matched","female",1977-10-20,NA,"cda",NA,NA,"",""
"nl.proc.ob.d.h-tk-20102011-31-42.1.10.18","Kees van der Staaij","https://en.wikipedia.org/wiki/Kees_van_der_Staaij","legislatoR_precomputed","matched","male",1968-09-12,NA,"sgp",NA,NA,"",""
"nl.proc.ob.d.h-tk-20102011-31-42.1.10.20","Kees van der Staaij","https://en.wikipedia.org/wiki/Kees_van_der_Staaij","legislatoR_precomputed","matched","male",1968-09-12,NA,"sgp",NA,NA,"",""
"nl.proc.ob.d.h-tk-20102011-31-42.1.10.5","Hanke Bruins Slot","https://en.wikipedia.org/wiki/Hanke_Bruins_Slot","legislatoR_precomputed","matched","female",1977-10-20,NA,"cda",NA,NA,"",""
"nl.proc.ob.d.h-tk-20102011-31-42.1.12.1","","","","no_match","",NA,NA,"",NA,NA,"",""
"nl.proc.ob.d.h-tk-20102011-31-42.1.13.1","Rik Grashoff","https://en.wikipedia.org/wiki/Rik_Grashoff","legislatoR_precomputed","matched","male",1961-04-05,NA,"groenlinks",NA,NA,"",""
"nl.proc.ob.d.h-tk-20102011-34-56.1.15.5","Alexander Pechtold","https://en.wikipedia.org/wiki/Alexander_Pechtold","legislatoR_precomputed","matched","male",1965-12-16,NA,"d66",NA,NA,"",""
"nl.proc.ob.d.h-tk-20102011-35-83.1.9.4","Harry van Bommel","https://en.wikipedia.org/wiki/Harry_van_Bommel","legislatoR_precomputed","matched","male",1962-06-24,NA,"sp",NA,NA,"",""
"nl.proc.ob.d.h-tk-20102011-90-3.1.11.1","Marcel van Dam","https://en.wikipedia.org/wiki/Marcel_van_Dam","legislatoR_precomputed","matched","male",1938-01-30,NA,"pvda",NA,NA,"",""
"nl.proc.ob.d.h-tk-20102011-105-15.1.5.1","","","","no_match","",NA,NA,"",NA,NA,"",""
"nl.proc.ob.d.h-tk-20112012-6-4.1.4.1","","","","no_match","",NA,NA,"",NA,NA,"",""
"nl.proc.ob.d.h-tk-20112012-29-21.1.11.1","","","","no_match","",NA,NA,"",NA,NA,"",""
"nl.proc.ob.d.h-tk-20112012-29-21.1.11.24","","","","no_match","",NA,NA,"",NA,NA,"",""
"nl.proc.ob.d.h-tk-20112012-29-21.1.9.1","Raymond Knops","https://en.wikipedia.org/wiki/Raymond_Knops","legislatoR_precomputed","matched","male",1971-11-10,NA,"cda",NA,NA,"",""
"nl.proc.ob.d.h-tk-20112012-43-9.1.7.5","Jesse Klaver","https://en.wikipedia.org/wiki/Jesse_Klaver","legislatoR_precomputed","matched","male",1986-05-01,NA,"groenlinks",NA,NA,"",""
"nl.proc.ob.d.h-tk-20112012-52-9.1.12.1","Pieter Sjoerds Gerbrandy","https://en.wikipedia.org/wiki/Pieter_Sjoerds_Gerbrandy","legislatoR_precomputed","matched","male",1885-04-13,1961-09-07,"arp",NA,NA,"",""
"nl.proc.ob.d.h-tk-20142015-10-22.1.178.1","Alexander Pechtold","https://en.wikipedia.org/wiki/Alexander_Pechtold","legislatoR_precomputed","matched","male",1965-12-16,NA,"d66",NA,NA,"",""
"nl.proc.ob.d.h-tk-20142015-10-22.1.66.1","","","","ambiguous","",NA,NA,"",NA,NA,"",""
"nl.proc.ob.d.h-tk-20142015-24-17.1.65.1","Jeanine Hennis-Plasschaert","https://en.wikipedia.org/wiki/Jeanine_Hennis-Plasschaert","legislatoR_precomputed","matched","female",1973-04-07,NA,"vvd",NA,NA,"",""
"nl.proc.ob.d.h-tk-20142015-29-3.1.26.1","Anne Mulder","https://en.wikipedia.org/wiki/Anne_Mulder","legislatoR_precomputed","matched","male",1969-12-14,NA,"vvd",NA,NA,"",""
"nl.proc.ob.d.h-tk-20142015-52-5.1.1.1","","","","no_match","",NA,NA,"",NA,NA,"",""
"nl.proc.ob.d.h-tk-20142015-60-3.1.97.1","","","","no_match","",NA,NA,"",NA,NA,"",""
"nl.proc.ob.d.h-tk-20142015-66-19.1.47.1","Harm Beertema","https://en.wikipedia.org/wiki/Harm_Beertema","legislatoR_precomputed","matched","male",1952-03-09,NA,"pvv",NA,NA,"",""
"nl.proc.ob.d.h-tk-20142015-90-21.1.14.1","Roelof Bisschop","https://en.wikipedia.org/wiki/Roelof_Bisschop","legislatoR_precomputed","matched","male",1956-11-30,NA,"sgp",NA,NA,"",""
"nl.proc.ob.d.h-tk-20142015-90-21.1.285.1","","","","no_match","",NA,NA,"",NA,NA,"",""
"nl.proc.ob.d.h-tk-20142015-90-21.1.3.1","Alexander Pechtold","https://en.wikipedia.org/wiki/Alexander_Pechtold","legislatoR_precomputed","matched","male",1965-12-16,NA,"d66",NA,NA,"",""
"nl.proc.ob.d.h-tk-20142015-90-21.1.32.1","","","","ambiguous","",NA,NA,"",NA,NA,"",""
"nl.proc.ob.d.h-tk-20142015-90-21.1.36.1","","","","ambiguous","",NA,NA,"",NA,NA,"",""
"nl.proc.ob.d.h-tk-20142015-90-21.1.80.1","","","","ambiguous","",NA,NA,"",NA,NA,"",""
"nl.proc.ob.d.h-tk-20152016-2-7.1.504.1","","","","no_match","",NA,NA,"",NA,NA,"",""
"nl.proc.ob.d.h-tk-20152016-7-28.1.40.1","","","","no_match","",NA,NA,"",NA,NA,"",""
"nl.proc.ob.d.h-tk-20152016-17-9.1.88.1","","","","ambiguous","",NA,NA,"",NA,NA,"",""
"nl.proc.ob.d.h-tk-20152016-23-3.1.219.1","Roelof Bisschop","https://en.wikipedia.org/wiki/Roelof_Bisschop","legislatoR_precomputed","matched","male",1956-11-30,NA,"sgp",NA,NA,"",""
"nl.proc.ob.d.h-tk-20152016-23-3.1.221.1","Roelof Bisschop","https://en.wikipedia.org/wiki/Roelof_Bisschop","legislatoR_precomputed","matched","male",1956-11-30,NA,"sgp",NA,NA,"",""
"nl.proc.ob.d.h-tk-20152016-24-6.1.22.1","Jeanine Hennis-Plasschaert","https://en.wikipedia.org/wiki/Jeanine_Hennis-Plasschaert","legislatoR_precomputed","matched","female",1973-04-07,NA,"vvd",NA,NA,"",""
"nl.proc.ob.d.h-tk-20152016-29-7.1.123.1","Martin Bosma","https://en.wikipedia.org/wiki/Martin_Bosma","legislatoR_precomputed","matched","male",1964-07-16,NA,"pvv",NA,NA,"",""
"nl.proc.ob.d.h-tk-20152016-35-15.1.29.1","Fleur Agema","https://en.wikipedia.org/wiki/Fleur_Agema","legislatoR_precomputed","matched","female",1976-09-16,NA,"pvv",NA,NA,"",""
"nl.proc.ob.d.h-tk-20152016-36-9.1.70.1","","","","no_match","",NA,NA,"",NA,NA,"",""
"nl.proc.ob.d.h-tk-20152016-77-9.1.28.1","Dion Graus","https://en.wikipedia.org/wiki/Dion_Graus","legislatoR_precomputed","matched","male",1967-03-19,NA,"pvv",NA,NA,"",""
"nl.proc.ob.d.h-tk-20152016-86-28.1.151.1","Jeanine Hennis-Plasschaert","https://en.wikipedia.org/wiki/Jeanine_Hennis-Plasschaert","legislatoR_precomputed","matched","female",1973-04-07,NA,"vvd",NA,NA,"",""
"nl.proc.ob.d.h-tk-20152016-86-28.1.162.1","Jeanine Hennis-Plasschaert","https://en.wikipedia.org/wiki/Jeanine_Hennis-Plasschaert","legislatoR_precomputed","matched","female",1973-04-07,NA,"vvd",NA,NA,"",""
"nl.proc.ob.d.h-tk-20152016-98-34.1.102.1","","","","no_match","",NA,NA,"",NA,NA,"",""
"nl.proc.ob.d.h-tk-20152016-111-10.1.81.1","Harm Beertema","https://en.wikipedia.org/wiki/Harm_Beertema","legislatoR_precomputed","matched","male",1952-03-09,NA,"pvv",NA,NA,"",""
"nl.proc.ob.d.h-tk-20162017-6-9.1.2.1","","","","no_match","",NA,NA,"",NA,NA,"",""
"nl.proc.ob.d.h-tk-20162017-22-21.1.63.1","Pieter Omtzigt","https://en.wikipedia.org/wiki/Pieter_Omtzigt","legislatoR_precomputed","matched","male",1974-01-08,NA,"cda | lid omtzigt",NA,NA,"",""
"nl.proc.ob.d.h-tk-20162017-30-13.1.226.1","Henk van Gerven","https://en.wikipedia.org/wiki/Henk_van_Gerven","legislatoR_precomputed","matched","male",1955-03-11,NA,"sp",NA,NA,"",""
"nl.proc.ob.d.h-tk-20162017-54-6.1.43.1","Martin Bosma","https://en.wikipedia.org/wiki/Martin_Bosma","legislatoR_precomputed","matched","male",1964-07-16,NA,"pvv",NA,NA,"",""
"nl.proc.ob.d.h-tk-20162017-97-6.1.115.1","Jeanine Hennis-Plasschaert","https://en.wikipedia.org/wiki/Jeanine_Hennis-Plasschaert","legislatoR_precomputed","matched","female",1973-04-07,NA,"vvd",NA,NA,"",""
"nl.proc.ob.d.h-tk-20172018-18-9.1.34.1","Tunahan Kuzu","https://en.wikipedia.org/wiki/Tunahan_Kuzu","legislatoR_precomputed","matched","male",1981-06-05,NA,"denk",NA,NA,"",""
"nl.proc.ob.d.h-tk-20172018-18-9.1.43.1","Roelof Bisschop","https://en.wikipedia.org/wiki/Roelof_Bisschop","legislatoR_precomputed","matched","male",1956-11-30,NA,"sgp",NA,NA,"",""
"nl.proc.ob.d.h-tk-20172018-34-13.1.10.1","Jan Paternotte","https://en.wikipedia.org/wiki/Jan_Paternotte","legislatoR_precomputed","matched","male",1984-02-26,NA,"d66",NA,NA,"",""
"nl.proc.ob.d.h-tk-20172018-34-13.1.9.1","Dion Graus","https://en.wikipedia.org/wiki/Dion_Graus","legislatoR_precomputed","matched","male",1967-03-19,NA,"pvv",NA,NA,"",""
"nl.proc.ob.d.h-tk-20172018-36-20.1.3.1","Martin Bosma","https://en.wikipedia.org/wiki/Martin_Bosma","legislatoR_precomputed","matched","male",1964-07-16,NA,"pvv",NA,NA,"",""
"nl.proc.ob.d.h-tk-20172018-42-32.1.2.1","Foort van Oosten","https://en.wikipedia.org/wiki/Foort_van_Oosten","legislatoR_precomputed","matched","male",1977-06-25,NA,"vvd",NA,NA,"",""
"nl.proc.ob.d.h-tk-20172018-56-22.1.7.1","Jaco Geurts","https://en.wikipedia.org/wiki/Jaco_Geurts","legislatoR_precomputed","matched","male",1970-07-11,NA,"cda",NA,NA,"",""
"nl.proc.ob.d.h-tk-20172018-57-32.1.3.1","Han ten Broeke","https://en.wikipedia.org/wiki/Han_ten_Broeke","legislatoR_precomputed","matched","male",1969-03-02,NA,"vvd",NA,NA,"",""
"nl.proc.ob.d.h-tk-20172018-84-3.1.76.1","Evert-Jan Slootweg","https://en.wikipedia.org/wiki/Evert_Jan_Slootweg","legislatoR_precomputed","matched","male",1969-05-18,NA,"cda",NA,NA,"",""
"nl.proc.ob.d.h-tk-20172018-93-4.1.71.1","Lodewijk Asscher","https://en.wikipedia.org/wiki/Lodewijk_Asscher","legislatoR_precomputed","matched","male",1974-09-27,NA,"pvda",NA,NA,"",""
"nl.proc.ob.d.h-tk-20172018-93-4.1.81.1","Esther Ouwehand","https://en.wikipedia.org/wiki/Esther_Ouwehand","legislatoR_precomputed","matched","female",1976-06-10,NA,"partij voor de dieren | pvdd",NA,NA,"",""
"nl.proc.ob.d.h-tk-20172018-96-8.1.76.1","Ronald van Raak","https://en.wikipedia.org/wiki/Ronald_van_Raak","legislatoR_precomputed","matched","male",1969-10-30,NA,"sp",NA,NA,"",""
"nl.proc.ob.d.h-tk-20172018-107-21.1.28.1","Martin Bosma","https://en.wikipedia.org/wiki/Martin_Bosma","legislatoR_precomputed","matched","male",1964-07-16,NA,"pvv",NA,NA,"",""
"nl.proc.ob.d.h-tk-20182019-11-2.1.172.1","Martin Bosma","https://en.wikipedia.org/wiki/Martin_Bosma","legislatoR_precomputed","matched","male",1964-07-16,NA,"pvv",NA,NA,"",""
"nl.proc.ob.d.h-tk-20182019-11-2.1.39.1","Ronald van Raak","https://en.wikipedia.org/wiki/Ronald_van_Raak","legislatoR_precomputed","matched","male",1969-10-30,NA,"sp",NA,NA,"",""
"nl.proc.ob.d.h-tk-20182019-11-2.1.40.1","Martin Bosma","https://en.wikipedia.org/wiki/Martin_Bosma","legislatoR_precomputed","matched","male",1964-07-16,NA,"pvv",NA,NA,"",""
"nl.proc.ob.d.h-tk-20182019-11-2.1.41.1","Ronald van Raak","https://en.wikipedia.org/wiki/Ronald_van_Raak","legislatoR_precomputed","matched","male",1969-10-30,NA,"sp",NA,NA,"",""
"nl.proc.ob.d.h-tk-20182019-69-26.1.93.1","","","","no_match","",NA,NA,"",NA,NA,"",""
"nl.proc.ob.d.h-tk-20182019-69-26.1.97.1","Frank Futselaar","https://en.wikipedia.org/wiki/Frank_Futselaar_%28politicus%29","legislatoR_precomputed","matched","male",1979-07-26,NA,"sp",NA,NA,"",""
"nl.proc.ob.d.h-tk-20182019-99-7.1.22.1","Martin Bosma","https://en.wikipedia.org/wiki/Martin_Bosma","legislatoR_precomputed","matched","male",1964-07-16,NA,"pvv",NA,NA,"",""
"nl.proc.ob.d.h-tk-20182019-104-8.1.25.1","","","","no_match","",NA,NA,"",NA,NA,"",""
"nl.proc.ob.d.h-tk-20192020-2-5.1.466.1","Kees van der Staaij","https://en.wikipedia.org/wiki/Kees_van_der_Staaij","legislatoR_precomputed","matched","male",1968-09-12,NA,"sgp",NA,NA,"",""
"nl.proc.ob.d.h-tk-20192020-3-6.1.398.1","Klaas Dijkhoff","https://en.wikipedia.org/wiki/Klaas_Dijkhoff","legislatoR_precomputed","matched","male",1981-01-13,NA,"vvd",NA,NA,"",""
"nl.proc.ob.d.h-tk-20192020-3-6.1.588.1","","","","ambiguous","",NA,NA,"",NA,NA,"",""
"nl.proc.ob.d.h-tk-20192020-8-3.1.73.1","Aukje de Vries","https://en.wikipedia.org/wiki/Aukje_de_Vries","legislatoR_precomputed","matched","female",1964-10-21,NA,"vvd",NA,NA,"",""
"nl.proc.ob.d.h-tk-20192020-20-3.1.274.1","Niels van den Berge","https://en.wikipedia.org/wiki/Niels_van_den_Berge","legislatoR_precomputed","matched","male",1984-12-28,NA,"groenlinks",NA,NA,"",""
"nl.proc.ob.d.h-tk-20192020-29-9.1.167.1","Tunahan Kuzu","https://en.wikipedia.org/wiki/Tunahan_Kuzu","legislatoR_precomputed","matched","male",1981-06-05,NA,"denk",NA,NA,"",""
"nl.proc.ob.d.h-tk-20192020-57-4.1.59.1","Kees van der Staaij","https://en.wikipedia.org/wiki/Kees_van_der_Staaij","legislatoR_precomputed","matched","male",1968-09-12,NA,"sgp",NA,NA,"",""
"nl.proc.ob.d.h-tk-20192020-99-7.1.245.1","","","","ambiguous","",NA,NA,"",NA,NA,"",""
"nl.proc.ob.d.h-tk-20202021-11-8.1.3.1","Martin Bosma","https://en.wikipedia.org/wiki/Martin_Bosma","legislatoR_precomputed","matched","male",1964-07-16,NA,"pvv",NA,NA,"",""
"nl.proc.ob.d.h-tk-20202021-11-8.1.31.1","Roelof Bisschop","https://en.wikipedia.org/wiki/Roelof_Bisschop","legislatoR_precomputed","matched","male",1956-11-30,NA,"sgp",NA,NA,"",""
"nl.proc.ob.d.h-tk-20202021-16-45.1.3.1","Roy van Aalst","https://en.wikipedia.org/wiki/Roy_van_Aalst","legislatoR_precomputed","matched","male",1983-03-28,NA,"pvv",NA,NA,"",""
"nl.proc.ob.d.h-tk-20202021-77-8.1.145.1","Simone Kerseboom","https://en.wikipedia.org/wiki/Simone_Kerseboom","legislatoR_precomputed","matched","female",1984-01-01,NA,"forum voor democratie",NA,NA,"",""
"nl.proc.ob.d.h-tk-20202021-99-51.1.20.1","Stephan van Baarle","https://en.wikipedia.org/wiki/Stephan_van_Baarle","legislatoR_precomputed","matched","male",1991-08-25,NA,"denk",NA,NA,"",""
"nl.proc.ob.d.h-tk-20202021-99-51.1.3.1","Salima Belhaj","https://en.wikipedia.org/wiki/Salima_Belhaj","legislatoR_precomputed","matched","female",1978-10-18,NA,"d66",NA,NA,"",""
"nl.proc.ob.d.h-tk-20202021-103-7.1.109.1","","","","no_match","",NA,NA,"",NA,NA,"",""
"nl.proc.ob.d.h-tk-20212022-2-2.1.80.1","Geert Wilders","https://en.wikipedia.org/wiki/Geert_Wilders","legislatoR_precomputed","matched","male",1963-09-06,NA,"pvv",NA,NA,"",""
"nl.proc.ob.d.h-tk-20212022-3-5.1.416.1","Rob Jetten","https://en.wikipedia.org/wiki/Rob_Jetten","legislatoR_precomputed","matched","male",1987-03-25,NA,"d66",NA,NA,"",""
"nl.proc.ob.d.h-tk-20212022-8-8.1.37.1","Martin Bosma","https://en.wikipedia.org/wiki/Martin_Bosma","legislatoR_precomputed","matched","male",1964-07-16,NA,"pvv",NA,NA,"",""
"nl.proc.ob.d.h-tk-20212022-14-3.1.7.1","Martin Bosma","https://en.wikipedia.org/wiki/Martin_Bosma","legislatoR_precomputed","matched","male",1964-07-16,NA,"pvv",NA,NA,"",""
"nl.proc.ob.d.h-tk-20212022-26-6.1.193.1","","","","no_match","",NA,NA,"",NA,NA,"",""
"nl.proc.ob.d.h-tk-20212022-38-6.1.124.1","Geert Wilders","https://en.wikipedia.org/wiki/Geert_Wilders","legislatoR_precomputed","matched","male",1963-09-06,NA,"pvv",NA,NA,"",""
"nl.proc.ob.d.h-tk-20212022-50-21.1.180.1","Martin Bosma","https://en.wikipedia.org/wiki/Martin_Bosma","legislatoR_precomputed","matched","male",1964-07-16,NA,"pvv",NA,NA,"",""
"nl.proc.ob.d.h-tk-20222023-2-2.1.72.1","Geert Wilders","https://en.wikipedia.org/wiki/Geert_Wilders","legislatoR_precomputed","matched","male",1963-09-06,NA,"pvv",NA,NA,"",""
"nl.proc.ob.d.h-tk-20222023-2-5.1.559.1","Nilüfer Gündoğan","https://en.wikipedia.org/wiki/Nil%C3%BCfer_G%C3%BCndo%C4%9Fan","legislatoR_precomputed","matched","female",1977-06-06,NA,"volt | lid g ndo an",NA,NA,"",""
"nl.proc.ob.d.h-tk-20222023-3-7.1.446.1","Gert-Jan Segers","https://en.wikipedia.org/wiki/Gert-Jan_Segers","legislatoR_precomputed","matched","male",1969-07-09,NA,"christenunie",NA,NA,"",""
"nl.proc.ob.d.h-tk-20222023-27-3.1.187.1","","","","ambiguous","",NA,NA,"",NA,NA,"",""
"nl.proc.ob.d.h-tk-20222023-29-8.1.236.1","Thierry Baudet","https://en.wikipedia.org/wiki/Thierry_Baudet","legislatoR_precomputed","matched","male",1983-01-28,NA,"forum voor democratie",NA,NA,"",""
"nl.proc.ob.d.h-tk-20222023-42-4.1.49.1","Martin Bosma","https://en.wikipedia.org/wiki/Martin_Bosma","legislatoR_precomputed","matched","male",1964-07-16,NA,"pvv",NA,NA,"",""
"nl.proc.ob.d.h-tk-20222023-44-5.1.104.1","Martin Bosma","https://en.wikipedia.org/wiki/Martin_Bosma","legislatoR_precomputed","matched","male",1964-07-16,NA,"pvv",NA,NA,"",""
"nl.proc.ob.d.h-tk-20222023-44-5.1.113.1","Christine Teunissen","https://en.wikipedia.org/wiki/Christine_Teunissen","legislatoR_precomputed","matched","female",1985-09-06,NA,"partij voor de dieren | pvdd",NA,NA,"",""
"nl.proc.ob.d.h-tk-20222023-44-5.1.34.1","Renske Leijten","https://en.wikipedia.org/wiki/Renske_Leijten","legislatoR_precomputed","matched","female",1979-03-17,NA,"sp",NA,NA,"",""
"nl.proc.ob.d.h-tk-20222023-44-5.1.4.1","Kati Piri","https://en.wikipedia.org/wiki/Kati_Piri","legislatoR_precomputed","matched","female",1979-04-08,NA,"pvda",NA,NA,"",""
"nl.proc.ob.d.h-tk-20222023-44-9.1.25.1","Joost Eerdmans","https://en.wikipedia.org/wiki/Joost_Eerdmans","legislatoR_precomputed","matched","male",1971-01-09,NA,"lpf | ja21",NA,NA,"",""
"nl.proc.ob.d.h-tk-20222023-47-9.1.3.1","Martin Bosma","https://en.wikipedia.org/wiki/Martin_Bosma","legislatoR_precomputed","matched","male",1964-07-16,NA,"pvv",NA,NA,"",""
"nl.proc.ob.d.h-tk-20222023-48-4.1.33.1","Olaf Ephraim","https://en.wikipedia.org/wiki/Olaf_Ephraim","legislatoR_precomputed","matched","male",1965-01-01,NA,"forum voor democratie | groep van haga",NA,NA,"",""
"nl.proc.ob.d.h-tk-20222023-93-3.1.106.1","Tunahan Kuzu","https://en.wikipedia.org/wiki/Tunahan_Kuzu","legislatoR_precomputed","matched","male",1981-06-05,NA,"denk",NA,NA,"",""
"nl.proc.ob.d.h-tk-20222023-93-6.1.208.1","Tunahan Kuzu","https://en.wikipedia.org/wiki/Tunahan_Kuzu","legislatoR_precomputed","matched","male",1981-06-05,NA,"denk",NA,NA,"",""
"nl.proc.ob.d.h-tk-20232024-14-18.1.6.1","Sandra Beckerman","https://en.wikipedia.org/wiki/Sandra_Beckerman","legislatoR_precomputed","matched","female",1983-03-31,NA,"sp",NA,NA,"",""
"nl.proc.ob.d.h-tk-20232024-38-20.1.5.1","","","","no_match","",NA,NA,"",NA,NA,"",""
"nl.proc.ob.d.h-tk-20232024-51-12.1.162.1","","","","no_match","",NA,NA,"",NA,NA,"",""
"nl.proc.ob.d.h-tk-20232024-51-4.1.34.1","","","","no_match","",NA,NA,"",NA,NA,"",""
"nl.proc.ob.d.h-tk-20232024-76-6.1.2.1","","","","no_match","",NA,NA,"",NA,NA,"",""
"nl.proc.ob.d.h-tk-20232024-82-33.1.57.1","","","","ambiguous","",NA,NA,"",NA,NA,"",""
"nl.proc.ob.d.h-tk-20232024-82-33.1.74.1","Barry Madlener","https://en.wikipedia.org/wiki/Barry_Madlener","legislatoR_precomputed","matched","male",1969-01-06,NA,"pvv",NA,NA,"",""
"nl.proc.ob.d.h-tk-20242025-31-27.1.25.1","Sandra Beckerman","https://en.wikipedia.org/wiki/Sandra_Beckerman","legislatoR_precomputed","matched","female",1983-03-31,NA,"sp",NA,NA,"",""
"nl.proc.ob.d.h-tk-20242025-31-27.1.26.1","Sandra Beckerman","https://en.wikipedia.org/wiki/Sandra_Beckerman","legislatoR_precomputed","matched","female",1983-03-31,NA,"sp",NA,NA,"",""
"nl.proc.ob.d.h-tk-20242025-31-29.1.94.1","","","","no_match","",NA,NA,"",NA,NA,"",""
