checked_on,source_url,http_status,final_url
2026-09-11,https://resolver.kb.nl/resolve?urn=sgd:mpeg21:19451946:0000118:pdf,200,https://resolver.kb.nl/resolve?urn=sgd:mpeg21:19451946:0000118:pdf
2026-09-11,https://resolver.kb.nl/resolve?urn=sgd:mpeg21:19451946:0000122:pdf,200,https://resolver.kb.nl/resolve?urn=sgd:mpeg21:19451946:0000122:pdf
2026-09-11,https://resolver.kb.nl/resolve?urn=sgd:mpeg21:19451946:0000144:pdf,200,https://resolver.kb.nl/resolve?urn=sgd:mpeg21:19451946:0000144:pdf
2026-09-11,https://resolver.kb.nl/resolve?urn=sgd:mpeg21:19461947:0000441:pdf,200,https://resolver.kb.nl/resolve?urn=sgd:mpeg21:19461947:0000441:pdf
2026-09-11,https://resolver.kb.nl/resolve?urn=sgd:mpeg21:19461947:0000449:pdf,200,https://resolver.kb.nl/resolve?urn=sgd:mpeg21:19461947:0000449:pdf
2026-09-11,https://resolver.kb.nl/resolve?urn=sgd:mpeg21:19461947:0000453:pdf,200,https://resolver.kb.nl/resolve?urn=sgd:mpeg21:19461947:0000453:pdf
2026-09-11,https://resolver.kb.nl/resolve?urn=sgd:mpeg21:19461947:0000456:pdf,200,https://resolver.kb.nl/resolve?urn=sgd:mpeg21:19461947:0000456:pdf
2026-09-11,https://resolver.kb.nl/resolve?urn=sgd:mpeg21:19471948:0000443:pdf,200,https://resolver.kb.nl/resolve?urn=sgd:mpeg21:19471948:0000443:pdf
2026-09-11,https://resolver.kb.nl/resolve?urn=sgd:mpeg21:19471948:0000446:pdf,200,https://resolver.kb.nl/resolve?urn=sgd:mpeg21:19471948:0000446:pdf
2026-09-11,https://resolver.kb.nl/resolve?urn=sgd:mpeg21:19471948:0000479:pdf,200,https://resolver.kb.nl/resolve?urn=sgd:mpeg21:19471948:0000479:pdf
2026-09-11,https://resolver.kb.nl/resolve?urn=sgd:mpeg21:19481949:0000445:pdf,200,https://resolver.kb.nl/resolve?urn=sgd:mpeg21:19481949:0000445:pdf
2026-09-11,https://resolver.kb.nl/resolve?urn=sgd:mpeg21:19481949:0000457:pdf,200,https://resolver.kb.nl/resolve?urn=sgd:mpeg21:19481949:0000457:pdf
2026-09-11,https://resolver.kb.nl/resolve?urn=sgd:mpeg21:19481949:0000472:pdf,200,https://resolver.kb.nl/resolve?urn=sgd:mpeg21:19481949:0000472:pdf
2026-09-11,https://resolver.kb.nl/resolve?urn=sgd:mpeg21:19481949:0000487:pdf,200,https://resolver.kb.nl/resolve?urn=sgd:mpeg21:19481949:0000487:pdf
2026-09-11,https://resolver.kb.nl/resolve?urn=sgd:mpeg21:19491950:0000574:pdf,200,https://resolver.kb.nl/resolve?urn=sgd:mpeg21:19491950:0000574:pdf
2026-09-11,https://resolver.kb.nl/resolve?urn=sgd:mpeg21:19491950:0000576:pdf,200,https://resolver.kb.nl/resolve?urn=sgd:mpeg21:19491950:0000576:pdf
2026-09-11,https://resolver.kb.nl/resolve?urn=sgd:mpeg21:19491950:0000587:pdf,200,https://resolver.kb.nl/resolve?urn=sgd:mpeg21:19491950:0000587:pdf
2026-09-11,https://resolver.kb.nl/resolve?urn=sgd:mpeg21:19491950:0000588:pdf,200,https://resolver.kb.nl/resolve?urn=sgd:mpeg21:19491950:0000588:pdf
2026-09-11,https://resolver.kb.nl/resolve?urn=sgd:mpeg21:19491950:0000622:pdf,200,https://resolver.kb.nl/resolve?urn=sgd:mpeg21:19491950:0000622:pdf
2026-09-11,https://resolver.kb.nl/resolve?urn=sgd:mpeg21:19501951:0000549:pdf,200,https://resolver.kb.nl/resolve?urn=sgd:mpeg21:19501951:0000549:pdf
2026-09-11,https://resolver.kb.nl/resolve?urn=sgd:mpeg21:19501951:0000563:pdf,200,https://resolver.kb.nl/resolve?urn=sgd:mpeg21:19501951:0000563:pdf
2026-09-11,https://resolver.kb.nl/resolve?urn=sgd:mpeg21:19501951:0000588:pdf,200,https://resolver.kb.nl/resolve?urn=sgd:mpeg21:19501951:0000588:pdf
2026-09-11,https://resolver.kb.nl/resolve?urn=sgd:mpeg21:19501951:0000605:pdf,200,https://resolver.kb.nl/resolve?urn=sgd:mpeg21:19501951:0000605:pdf
2026-09-11,https://resolver.kb.nl/resolve?urn=sgd:mpeg21:19501951:0000606:pdf,200,https://resolver.kb.nl/resolve?urn=sgd:mpeg21:19501951:0000606:pdf
2026-09-11,https://resolver.kb.nl/resolve?urn=sgd:mpeg21:19511952:0000698:pdf,200,https://resolver.kb.nl/resolve?urn=sgd:mpeg21:19511952:0000698:pdf
2026-09-11,https://resolver.kb.nl/resolve?urn=sgd:mpeg21:19511952:0000704:pdf,200,https://resolver.kb.nl/resolve?urn=sgd:mpeg21:19511952:0000704:pdf
2026-09-11,https://resolver.kb.nl/resolve?urn=sgd:mpeg21:19511952:0000709:pdf,200,https://resolver.kb.nl/resolve?urn=sgd:mpeg21:19511952:0000709:pdf
2026-09-11,https://resolver.kb.nl/resolve?urn=sgd:mpeg21:19511952:0000726:pdf,200,https://resolver.kb.nl/resolve?urn=sgd:mpeg21:19511952:0000726:pdf
2026-09-11,https://resolver.kb.nl/resolve?urn=sgd:mpeg21:19511952:0000749:pdf,200,https://resolver.kb.nl/resolve?urn=sgd:mpeg21:19511952:0000749:pdf
2026-09-11,https://resolver.kb.nl/resolve?urn=sgd:mpeg21:19521953:0000238:pdf,200,https://resolver.kb.nl/resolve?urn=sgd:mpeg21:19521953:0000238:pdf
2026-09-11,https://resolver.kb.nl/resolve?urn=sgd:mpeg21:19521953:0000305:pdf,200,https://resolver.kb.nl/resolve?urn=sgd:mpeg21:19521953:0000305:pdf
2026-09-11,https://resolver.kb.nl/resolve?urn=sgd:mpeg21:19521953:0001347:pdf,200,https://resolver.kb.nl/resolve?urn=sgd:mpeg21:19521953:0001347:pdf
2026-09-11,https://resolver.kb.nl/resolve?urn=sgd:mpeg21:19531954:0000255:pdf,200,https://resolver.kb.nl/resolve?urn=sgd:mpeg21:19531954:0000255:pdf
2026-09-11,https://resolver.kb.nl/resolve?urn=sgd:mpeg21:19531954:0001398:pdf,200,https://resolver.kb.nl/resolve?urn=sgd:mpeg21:19531954:0001398:pdf
2026-09-11,https://resolver.kb.nl/resolve?urn=sgd:mpeg21:19531954:0001422:pdf,200,https://resolver.kb.nl/resolve?urn=sgd:mpeg21:19531954:0001422:pdf
2026-09-11,https://resolver.kb.nl/resolve?urn=sgd:mpeg21:19541955:0000304:pdf,200,https://resolver.kb.nl/resolve?urn=sgd:mpeg21:19541955:0000304:pdf
2026-09-11,https://resolver.kb.nl/resolve?urn=sgd:mpeg21:19541955:0000341:pdf,200,https://resolver.kb.nl/resolve?urn=sgd:mpeg21:19541955:0000341:pdf
2026-09-11,https://resolver.kb.nl/resolve?urn=sgd:mpeg21:19541955:0000372:pdf,200,https://resolver.kb.nl/resolve?urn=sgd:mpeg21:19541955:0000372:pdf
2026-09-11,https://resolver.kb.nl/resolve?urn=sgd:mpeg21:19541955:0001387:pdf,200,https://resolver.kb.nl/resolve?urn=sgd:mpeg21:19541955:0001387:pdf
2026-09-11,https://resolver.kb.nl/resolve?urn=sgd:mpeg21:19551956:0000278:pdf,200,https://resolver.kb.nl/resolve?urn=sgd:mpeg21:19551956:0000278:pdf
2026-09-11,https://resolver.kb.nl/resolve?urn=sgd:mpeg21:19551956:0002068:pdf,200,https://resolver.kb.nl/resolve?urn=sgd:mpeg21:19551956:0002068:pdf
2026-09-11,https://resolver.kb.nl/resolve?urn=sgd:mpeg21:19551956:0002069:pdf,200,https://resolver.kb.nl/resolve?urn=sgd:mpeg21:19551956:0002069:pdf
2026-09-11,https://resolver.kb.nl/resolve?urn=sgd:mpeg21:19551956:0002070:pdf,200,https://resolver.kb.nl/resolve?urn=sgd:mpeg21:19551956:0002070:pdf
2026-09-11,https://resolver.kb.nl/resolve?urn=sgd:mpeg21:19571958:0000241:pdf,200,https://resolver.kb.nl/resolve?urn=sgd:mpeg21:19571958:0000241:pdf
2026-09-11,https://resolver.kb.nl/resolve?urn=sgd:mpeg21:19571958:0000273:pdf,200,https://resolver.kb.nl/resolve?urn=sgd:mpeg21:19571958:0000273:pdf
2026-09-11,https://resolver.kb.nl/resolve?urn=sgd:mpeg21:19571958:0002367:pdf,200,https://resolver.kb.nl/resolve?urn=sgd:mpeg21:19571958:0002367:pdf
2026-09-11,https://resolver.kb.nl/resolve?urn=sgd:mpeg21:19571958:0002381:pdf,200,https://resolver.kb.nl/resolve?urn=sgd:mpeg21:19571958:0002381:pdf
2026-09-11,https://resolver.kb.nl/resolve?urn=sgd:mpeg21:19581959:0000124:pdf,200,https://resolver.kb.nl/resolve?urn=sgd:mpeg21:19581959:0000124:pdf
2026-09-11,https://resolver.kb.nl/resolve?urn=sgd:mpeg21:19581959:0000724:pdf,200,https://resolver.kb.nl/resolve?urn=sgd:mpeg21:19581959:0000724:pdf
2026-09-11,https://resolver.kb.nl/resolve?urn=sgd:mpeg21:19591960:0000194:pdf,200,https://resolver.kb.nl/resolve?urn=sgd:mpeg21:19591960:0000194:pdf
2026-09-11,https://resolver.kb.nl/resolve?urn=sgd:mpeg21:19591960:0000218:pdf,200,https://resolver.kb.nl/resolve?urn=sgd:mpeg21:19591960:0000218:pdf
2026-09-11,https://resolver.kb.nl/resolve?urn=sgd:mpeg21:19591960:0000229:pdf,200,https://resolver.kb.nl/resolve?urn=sgd:mpeg21:19591960:0000229:pdf
2026-09-11,https://resolver.kb.nl/resolve?urn=sgd:mpeg21:19591960:0000249:pdf,200,https://resolver.kb.nl/resolve?urn=sgd:mpeg21:19591960:0000249:pdf
2026-09-11,https://resolver.kb.nl/resolve?urn=sgd:mpeg21:19591960:0002136:pdf,200,https://resolver.kb.nl/resolve?urn=sgd:mpeg21:19591960:0002136:pdf
2026-09-11,https://resolver.kb.nl/resolve?urn=sgd:mpeg21:19601961:0001099:pdf,200,https://resolver.kb.nl/resolve?urn=sgd:mpeg21:19601961:0001099:pdf
2026-09-11,https://resolver.kb.nl/resolve?urn=sgd:mpeg21:19611962:0001196:pdf,200,https://resolver.kb.nl/resolve?urn=sgd:mpeg21:19611962:0001196:pdf
2026-09-11,https://resolver.kb.nl/resolve?urn=sgd:mpeg21:19611962:0001200:pdf,200,https://resolver.kb.nl/resolve?urn=sgd:mpeg21:19611962:0001200:pdf
2026-09-11,https://resolver.kb.nl/resolve?urn=sgd:mpeg21:19611962:0001214:pdf,200,https://resolver.kb.nl/resolve?urn=sgd:mpeg21:19611962:0001214:pdf
2026-09-11,https://resolver.kb.nl/resolve?urn=sgd:mpeg21:19621963:0000184:pdf,200,https://resolver.kb.nl/resolve?urn=sgd:mpeg21:19621963:0000184:pdf
2026-09-11,https://resolver.kb.nl/resolve?urn=sgd:mpeg21:19621963:0002154:pdf,200,https://resolver.kb.nl/resolve?urn=sgd:mpeg21:19621963:0002154:pdf
2026-09-11,https://resolver.kb.nl/resolve?urn=sgd:mpeg21:19621963:0002155:pdf,200,https://resolver.kb.nl/resolve?urn=sgd:mpeg21:19621963:0002155:pdf
2026-09-11,https://resolver.kb.nl/resolve?urn=sgd:mpeg21:19631964:0000681:pdf,200,https://resolver.kb.nl/resolve?urn=sgd:mpeg21:19631964:0000681:pdf
2026-09-11,https://resolver.kb.nl/resolve?urn=sgd:mpeg21:19631964:0000701:pdf,200,https://resolver.kb.nl/resolve?urn=sgd:mpeg21:19631964:0000701:pdf
2026-09-11,https://resolver.kb.nl/resolve?urn=sgd:mpeg21:19641965:0000777:pdf,200,https://resolver.kb.nl/resolve?urn=sgd:mpeg21:19641965:0000777:pdf
2026-09-11,https://resolver.kb.nl/resolve?urn=sgd:mpeg21:19641965:0000782:pdf,200,https://resolver.kb.nl/resolve?urn=sgd:mpeg21:19641965:0000782:pdf
2026-09-11,https://resolver.kb.nl/resolve?urn=sgd:mpeg21:19651966:0000795:pdf,200,https://resolver.kb.nl/resolve?urn=sgd:mpeg21:19651966:0000795:pdf
2026-09-11,https://resolver.kb.nl/resolve?urn=sgd:mpeg21:19651966:0000807:pdf,200,https://resolver.kb.nl/resolve?urn=sgd:mpeg21:19651966:0000807:pdf
2026-09-11,https://resolver.kb.nl/resolve?urn=sgd:mpeg21:19651966:0000821:pdf,200,https://resolver.kb.nl/resolve?urn=sgd:mpeg21:19651966:0000821:pdf
2026-09-11,https://resolver.kb.nl/resolve?urn=sgd:mpeg21:19651966:0000832:pdf,200,https://resolver.kb.nl/resolve?urn=sgd:mpeg21:19651966:0000832:pdf
2026-09-11,https://resolver.kb.nl/resolve?urn=sgd:mpeg21:19651966:0000868:pdf,200,https://resolver.kb.nl/resolve?urn=sgd:mpeg21:19651966:0000868:pdf
2026-09-11,https://resolver.kb.nl/resolve?urn=sgd:mpeg21:19661967:0000344:pdf,200,https://resolver.kb.nl/resolve?urn=sgd:mpeg21:19661967:0000344:pdf
2026-09-11,https://resolver.kb.nl/resolve?urn=sgd:mpeg21:19661967:0000349:pdf,200,https://resolver.kb.nl/resolve?urn=sgd:mpeg21:19661967:0000349:pdf
2026-09-11,https://resolver.kb.nl/resolve?urn=sgd:mpeg21:19671968:0000620:pdf,200,https://resolver.kb.nl/resolve?urn=sgd:mpeg21:19671968:0000620:pdf
2026-09-11,https://resolver.kb.nl/resolve?urn=sgd:mpeg21:19671968:0000623:pdf,200,https://resolver.kb.nl/resolve?urn=sgd:mpeg21:19671968:0000623:pdf
2026-09-11,https://resolver.kb.nl/resolve?urn=sgd:mpeg21:19671968:0000638:pdf,200,https://resolver.kb.nl/resolve?urn=sgd:mpeg21:19671968:0000638:pdf
2026-09-11,https://resolver.kb.nl/resolve?urn=sgd:mpeg21:19671968:0000641:pdf,200,https://resolver.kb.nl/resolve?urn=sgd:mpeg21:19671968:0000641:pdf
2026-09-11,https://resolver.kb.nl/resolve?urn=sgd:mpeg21:19671968:0000650:pdf,200,https://resolver.kb.nl/resolve?urn=sgd:mpeg21:19671968:0000650:pdf
2026-09-11,https://resolver.kb.nl/resolve?urn=sgd:mpeg21:19671968:0000674:pdf,200,https://resolver.kb.nl/resolve?urn=sgd:mpeg21:19671968:0000674:pdf
2026-09-11,https://resolver.kb.nl/resolve?urn=sgd:mpeg21:1967:0000230:pdf,200,https://resolver.kb.nl/resolve?urn=sgd:mpeg21:1967:0000230:pdf
2026-09-11,https://resolver.kb.nl/resolve?urn=sgd:mpeg21:1967:0000235:pdf,200,https://resolver.kb.nl/resolve?urn=sgd:mpeg21:1967:0000235:pdf
2026-09-11,https://resolver.kb.nl/resolve?urn=sgd:mpeg21:1967:0000243:pdf,200,https://resolver.kb.nl/resolve?urn=sgd:mpeg21:1967:0000243:pdf
2026-09-11,https://resolver.kb.nl/resolve?urn=sgd:mpeg21:19681969:0000711:pdf,200,https://resolver.kb.nl/resolve?urn=sgd:mpeg21:19681969:0000711:pdf
2026-09-11,https://resolver.kb.nl/resolve?urn=sgd:mpeg21:19681969:0000742:pdf,200,https://resolver.kb.nl/resolve?urn=sgd:mpeg21:19681969:0000742:pdf
2026-09-11,https://resolver.kb.nl/resolve?urn=sgd:mpeg21:19681969:0000813:pdf,200,https://resolver.kb.nl/resolve?urn=sgd:mpeg21:19681969:0000813:pdf
2026-09-11,https://resolver.kb.nl/resolve?urn=sgd:mpeg21:19691970:0000586:pdf,200,https://resolver.kb.nl/resolve?urn=sgd:mpeg21:19691970:0000586:pdf
2026-09-11,https://resolver.kb.nl/resolve?urn=sgd:mpeg21:19691970:0000592:pdf,200,https://resolver.kb.nl/resolve?urn=sgd:mpeg21:19691970:0000592:pdf
2026-09-11,https://resolver.kb.nl/resolve?urn=sgd:mpeg21:19691970:0000626:pdf,200,https://resolver.kb.nl/resolve?urn=sgd:mpeg21:19691970:0000626:pdf
2026-09-11,https://resolver.kb.nl/resolve?urn=sgd:mpeg21:19691970:0000674:pdf,200,https://resolver.kb.nl/resolve?urn=sgd:mpeg21:19691970:0000674:pdf
2026-09-11,https://resolver.kb.nl/resolve?urn=sgd:mpeg21:19701971:0000604:pdf,200,https://resolver.kb.nl/resolve?urn=sgd:mpeg21:19701971:0000604:pdf
2026-09-11,https://resolver.kb.nl/resolve?urn=sgd:mpeg21:19701971:0000625:pdf,200,https://resolver.kb.nl/resolve?urn=sgd:mpeg21:19701971:0000625:pdf
2026-09-11,https://resolver.kb.nl/resolve?urn=sgd:mpeg21:19701971:0000626:pdf,200,https://resolver.kb.nl/resolve?urn=sgd:mpeg21:19701971:0000626:pdf
2026-09-11,https://resolver.kb.nl/resolve?urn=sgd:mpeg21:19701971:0000655:pdf,200,https://resolver.kb.nl/resolve?urn=sgd:mpeg21:19701971:0000655:pdf
2026-09-11,https://resolver.kb.nl/resolve?urn=sgd:mpeg21:19711972:0000734:pdf,200,https://resolver.kb.nl/resolve?urn=sgd:mpeg21:19711972:0000734:pdf
2026-09-11,https://resolver.kb.nl/resolve?urn=sgd:mpeg21:19721973:0000462:pdf,200,https://resolver.kb.nl/resolve?urn=sgd:mpeg21:19721973:0000462:pdf
2026-09-11,https://resolver.kb.nl/resolve?urn=sgd:mpeg21:19721973:0000463:pdf,200,https://resolver.kb.nl/resolve?urn=sgd:mpeg21:19721973:0000463:pdf
2026-09-11,https://resolver.kb.nl/resolve?urn=sgd:mpeg21:19721973:0000464:pdf,200,https://resolver.kb.nl/resolve?urn=sgd:mpeg21:19721973:0000464:pdf
2026-09-11,https://resolver.kb.nl/resolve?urn=sgd:mpeg21:19721973:0000468:pdf,200,https://resolver.kb.nl/resolve?urn=sgd:mpeg21:19721973:0000468:pdf
2026-09-11,https://resolver.kb.nl/resolve?urn=sgd:mpeg21:19721973:0000469:pdf,200,https://resolver.kb.nl/resolve?urn=sgd:mpeg21:19721973:0000469:pdf
2026-09-11,https://resolver.kb.nl/resolve?urn=sgd:mpeg21:19721973:0000483:pdf,200,https://resolver.kb.nl/resolve?urn=sgd:mpeg21:19721973:0000483:pdf
2026-09-11,https://resolver.kb.nl/resolve?urn=sgd:mpeg21:1972:0000200:pdf,200,https://resolver.kb.nl/resolve?urn=sgd:mpeg21:1972:0000200:pdf
2026-09-11,https://resolver.kb.nl/resolve?urn=sgd:mpeg21:19731974:0000729:pdf,200,https://resolver.kb.nl/resolve?urn=sgd:mpeg21:19731974:0000729:pdf
2026-09-11,https://resolver.kb.nl/resolve?urn=sgd:mpeg21:19731974:0000755:pdf,200,https://resolver.kb.nl/resolve?urn=sgd:mpeg21:19731974:0000755:pdf
2026-09-11,https://resolver.kb.nl/resolve?urn=sgd:mpeg21:19741975:0000621:pdf,200,https://resolver.kb.nl/resolve?urn=sgd:mpeg21:19741975:0000621:pdf
2026-09-11,https://resolver.kb.nl/resolve?urn=sgd:mpeg21:19741975:0000644:pdf,200,https://resolver.kb.nl/resolve?urn=sgd:mpeg21:19741975:0000644:pdf
2026-09-11,https://resolver.kb.nl/resolve?urn=sgd:mpeg21:19741975:0000666:pdf,200,https://resolver.kb.nl/resolve?urn=sgd:mpeg21:19741975:0000666:pdf
2026-09-11,https://resolver.kb.nl/resolve?urn=sgd:mpeg21:19751976:0000604:pdf,200,https://resolver.kb.nl/resolve?urn=sgd:mpeg21:19751976:0000604:pdf
2026-09-11,https://resolver.kb.nl/resolve?urn=sgd:mpeg21:19751976:0000606:pdf,200,https://resolver.kb.nl/resolve?urn=sgd:mpeg21:19751976:0000606:pdf
2026-09-11,https://resolver.kb.nl/resolve?urn=sgd:mpeg21:19751976:0000674:pdf,200,https://resolver.kb.nl/resolve?urn=sgd:mpeg21:19751976:0000674:pdf
2026-09-11,https://resolver.kb.nl/resolve?urn=sgd:mpeg21:19751976:0000683:pdf,200,https://resolver.kb.nl/resolve?urn=sgd:mpeg21:19751976:0000683:pdf
2026-09-11,https://resolver.kb.nl/resolve?urn=sgd:mpeg21:19751976:0000706:pdf,200,https://resolver.kb.nl/resolve?urn=sgd:mpeg21:19751976:0000706:pdf
2026-09-11,https://resolver.kb.nl/resolve?urn=sgd:mpeg21:19761977:0000542:pdf,200,https://resolver.kb.nl/resolve?urn=sgd:mpeg21:19761977:0000542:pdf
2026-09-11,https://resolver.kb.nl/resolve?urn=sgd:mpeg21:19761977:0000555:pdf,200,https://resolver.kb.nl/resolve?urn=sgd:mpeg21:19761977:0000555:pdf
2026-09-11,https://resolver.kb.nl/resolve?urn=sgd:mpeg21:19761977:0000579:pdf,200,https://resolver.kb.nl/resolve?urn=sgd:mpeg21:19761977:0000579:pdf
2026-09-11,https://resolver.kb.nl/resolve?urn=sgd:mpeg21:19761977:0000597:pdf,200,https://resolver.kb.nl/resolve?urn=sgd:mpeg21:19761977:0000597:pdf
2026-09-11,https://resolver.kb.nl/resolve?urn=sgd:mpeg21:19761977:0000611:pdf,200,https://resolver.kb.nl/resolve?urn=sgd:mpeg21:19761977:0000611:pdf
2026-09-11,https://resolver.kb.nl/resolve?urn=sgd:mpeg21:19761977:0000614:pdf,200,https://resolver.kb.nl/resolve?urn=sgd:mpeg21:19761977:0000614:pdf
2026-09-11,https://resolver.kb.nl/resolve?urn=sgd:mpeg21:19771978:0000494:pdf,200,https://resolver.kb.nl/resolve?urn=sgd:mpeg21:19771978:0000494:pdf
2026-09-11,https://resolver.kb.nl/resolve?urn=sgd:mpeg21:19771978:0000538:pdf,200,https://resolver.kb.nl/resolve?urn=sgd:mpeg21:19771978:0000538:pdf
2026-09-11,https://resolver.kb.nl/resolve?urn=sgd:mpeg21:1977:0000078:pdf,200,https://resolver.kb.nl/resolve?urn=sgd:mpeg21:1977:0000078:pdf
2026-09-11,https://resolver.kb.nl/resolve?urn=sgd:mpeg21:19781979:0000676:pdf,200,https://resolver.kb.nl/resolve?urn=sgd:mpeg21:19781979:0000676:pdf
2026-09-11,https://resolver.kb.nl/resolve?urn=sgd:mpeg21:19791980:0000657:pdf,200,https://resolver.kb.nl/resolve?urn=sgd:mpeg21:19791980:0000657:pdf
2026-09-11,https://resolver.kb.nl/resolve?urn=sgd:mpeg21:19791980:0000697:pdf,200,https://resolver.kb.nl/resolve?urn=sgd:mpeg21:19791980:0000697:pdf
2026-09-11,https://resolver.kb.nl/resolve?urn=sgd:mpeg21:19791980:0000719:pdf,200,https://resolver.kb.nl/resolve?urn=sgd:mpeg21:19791980:0000719:pdf
2026-09-11,https://resolver.kb.nl/resolve?urn=sgd:mpeg21:19791980:0000761:pdf,200,https://resolver.kb.nl/resolve?urn=sgd:mpeg21:19791980:0000761:pdf
2026-09-11,https://resolver.kb.nl/resolve?urn=sgd:mpeg21:19791980:0000767:pdf,200,https://resolver.kb.nl/resolve?urn=sgd:mpeg21:19791980:0000767:pdf
2026-09-11,https://resolver.kb.nl/resolve?urn=sgd:mpeg21:19791980:0000789:pdf,200,https://resolver.kb.nl/resolve?urn=sgd:mpeg21:19791980:0000789:pdf
2026-09-11,https://resolver.kb.nl/resolve?urn=sgd:mpeg21:19801981:0000736:pdf,200,https://resolver.kb.nl/resolve?urn=sgd:mpeg21:19801981:0000736:pdf
2026-09-11,https://resolver.kb.nl/resolve?urn=sgd:mpeg21:19801981:0000785:pdf,200,https://resolver.kb.nl/resolve?urn=sgd:mpeg21:19801981:0000785:pdf
2026-09-11,https://resolver.kb.nl/resolve?urn=sgd:mpeg21:19811982:0000897:pdf,200,https://resolver.kb.nl/resolve?urn=sgd:mpeg21:19811982:0000897:pdf
2026-09-11,https://resolver.kb.nl/resolve?urn=sgd:mpeg21:19811982:0000918:pdf,200,https://resolver.kb.nl/resolve?urn=sgd:mpeg21:19811982:0000918:pdf
2026-09-11,https://resolver.kb.nl/resolve?urn=sgd:mpeg21:19811982:0000939:pdf,200,https://resolver.kb.nl/resolve?urn=sgd:mpeg21:19811982:0000939:pdf
2026-09-11,https://resolver.kb.nl/resolve?urn=sgd:mpeg21:19811982:0000953:pdf,200,https://resolver.kb.nl/resolve?urn=sgd:mpeg21:19811982:0000953:pdf
2026-09-11,https://resolver.kb.nl/resolve?urn=sgd:mpeg21:19821983:0000730:pdf,200,https://resolver.kb.nl/resolve?urn=sgd:mpeg21:19821983:0000730:pdf
2026-09-11,https://resolver.kb.nl/resolve?urn=sgd:mpeg21:19821983:0000733:pdf,200,https://resolver.kb.nl/resolve?urn=sgd:mpeg21:19821983:0000733:pdf
2026-09-11,https://resolver.kb.nl/resolve?urn=sgd:mpeg21:19821983:0000746:pdf,200,https://resolver.kb.nl/resolve?urn=sgd:mpeg21:19821983:0000746:pdf
2026-09-11,https://resolver.kb.nl/resolve?urn=sgd:mpeg21:19821983:0000752:pdf,200,https://resolver.kb.nl/resolve?urn=sgd:mpeg21:19821983:0000752:pdf
2026-09-11,https://resolver.kb.nl/resolve?urn=sgd:mpeg21:19821983:0000771:pdf,200,https://resolver.kb.nl/resolve?urn=sgd:mpeg21:19821983:0000771:pdf
2026-09-11,https://resolver.kb.nl/resolve?urn=sgd:mpeg21:19821983:0000812:pdf,200,https://resolver.kb.nl/resolve?urn=sgd:mpeg21:19821983:0000812:pdf
2026-09-11,https://resolver.kb.nl/resolve?urn=sgd:mpeg21:19821983:0000817:pdf,200,https://resolver.kb.nl/resolve?urn=sgd:mpeg21:19821983:0000817:pdf
2026-09-11,https://resolver.kb.nl/resolve?urn=sgd:mpeg21:19821983:0000822:pdf,200,https://resolver.kb.nl/resolve?urn=sgd:mpeg21:19821983:0000822:pdf
2026-09-11,https://resolver.kb.nl/resolve?urn=sgd:mpeg21:19831984:0000028:pdf,200,https://resolver.kb.nl/resolve?urn=sgd:mpeg21:19831984:0000028:pdf
2026-09-11,https://resolver.kb.nl/resolve?urn=sgd:mpeg21:19831984:0000836:pdf,200,https://resolver.kb.nl/resolve?urn=sgd:mpeg21:19831984:0000836:pdf
2026-09-11,https://resolver.kb.nl/resolve?urn=sgd:mpeg21:19831984:0000842:pdf,200,https://resolver.kb.nl/resolve?urn=sgd:mpeg21:19831984:0000842:pdf
2026-09-11,https://resolver.kb.nl/resolve?urn=sgd:mpeg21:19831984:0000888:pdf,200,https://resolver.kb.nl/resolve?urn=sgd:mpeg21:19831984:0000888:pdf
2026-09-11,https://resolver.kb.nl/resolve?urn=sgd:mpeg21:19841985:0000960:pdf,200,https://resolver.kb.nl/resolve?urn=sgd:mpeg21:19841985:0000960:pdf
2026-09-11,https://resolver.kb.nl/resolve?urn=sgd:mpeg21:19841985:0000962:pdf,200,https://resolver.kb.nl/resolve?urn=sgd:mpeg21:19841985:0000962:pdf
2026-09-11,https://resolver.kb.nl/resolve?urn=sgd:mpeg21:19841985:0001005:pdf,200,https://resolver.kb.nl/resolve?urn=sgd:mpeg21:19841985:0001005:pdf
2026-09-11,https://resolver.kb.nl/resolve?urn=sgd:mpeg21:19841985:0001034:pdf,200,https://resolver.kb.nl/resolve?urn=sgd:mpeg21:19841985:0001034:pdf
2026-09-11,https://resolver.kb.nl/resolve?urn=sgd:mpeg21:19851986:0000775:pdf,200,https://resolver.kb.nl/resolve?urn=sgd:mpeg21:19851986:0000775:pdf
2026-09-11,https://resolver.kb.nl/resolve?urn=sgd:mpeg21:19851986:0000852:pdf,200,https://resolver.kb.nl/resolve?urn=sgd:mpeg21:19851986:0000852:pdf
2026-09-11,https://resolver.kb.nl/resolve?urn=sgd:mpeg21:19851986:0000865:pdf,200,https://resolver.kb.nl/resolve?urn=sgd:mpeg21:19851986:0000865:pdf
2026-09-11,https://resolver.kb.nl/resolve?urn=sgd:mpeg21:19851986:0000868:pdf,200,https://resolver.kb.nl/resolve?urn=sgd:mpeg21:19851986:0000868:pdf
2026-09-11,https://resolver.kb.nl/resolve?urn=sgd:mpeg21:19851986:0000875:pdf,200,https://resolver.kb.nl/resolve?urn=sgd:mpeg21:19851986:0000875:pdf
2026-09-11,https://resolver.kb.nl/resolve?urn=sgd:mpeg21:19851986:0000888:pdf,200,https://resolver.kb.nl/resolve?urn=sgd:mpeg21:19851986:0000888:pdf
2026-09-11,https://resolver.kb.nl/resolve?urn=sgd:mpeg21:19851986:0000897:pdf,200,https://resolver.kb.nl/resolve?urn=sgd:mpeg21:19851986:0000897:pdf
2026-09-11,https://resolver.kb.nl/resolve?urn=sgd:mpeg21:19861987:0000928:pdf,200,https://resolver.kb.nl/resolve?urn=sgd:mpeg21:19861987:0000928:pdf
2026-09-11,https://resolver.kb.nl/resolve?urn=sgd:mpeg21:19861987:0000939:pdf,200,https://resolver.kb.nl/resolve?urn=sgd:mpeg21:19861987:0000939:pdf
2026-09-11,https://resolver.kb.nl/resolve?urn=sgd:mpeg21:19871988:0000815:pdf,200,https://resolver.kb.nl/resolve?urn=sgd:mpeg21:19871988:0000815:pdf
2026-09-11,https://resolver.kb.nl/resolve?urn=sgd:mpeg21:19871988:0000826:pdf,200,https://resolver.kb.nl/resolve?urn=sgd:mpeg21:19871988:0000826:pdf
2026-09-11,https://resolver.kb.nl/resolve?urn=sgd:mpeg21:19871988:0000830:pdf,200,https://resolver.kb.nl/resolve?urn=sgd:mpeg21:19871988:0000830:pdf
2026-09-11,https://resolver.kb.nl/resolve?urn=sgd:mpeg21:19871988:0000831:pdf,200,https://resolver.kb.nl/resolve?urn=sgd:mpeg21:19871988:0000831:pdf
2026-09-11,https://resolver.kb.nl/resolve?urn=sgd:mpeg21:19871988:0000865:pdf,200,https://resolver.kb.nl/resolve?urn=sgd:mpeg21:19871988:0000865:pdf
2026-09-11,https://resolver.kb.nl/resolve?urn=sgd:mpeg21:19881989:0000870:pdf,200,https://resolver.kb.nl/resolve?urn=sgd:mpeg21:19881989:0000870:pdf
2026-09-11,https://resolver.kb.nl/resolve?urn=sgd:mpeg21:19881989:0000881:pdf,200,https://resolver.kb.nl/resolve?urn=sgd:mpeg21:19881989:0000881:pdf
2026-09-11,https://resolver.kb.nl/resolve?urn=sgd:mpeg21:19881989:0000904:pdf,200,https://resolver.kb.nl/resolve?urn=sgd:mpeg21:19881989:0000904:pdf
2026-09-11,https://resolver.kb.nl/resolve?urn=sgd:mpeg21:19881989:0000976:pdf,200,https://resolver.kb.nl/resolve?urn=sgd:mpeg21:19881989:0000976:pdf
2026-09-11,https://resolver.kb.nl/resolve?urn=sgd:mpeg21:19891990:0000818:pdf,200,https://resolver.kb.nl/resolve?urn=sgd:mpeg21:19891990:0000818:pdf
2026-09-11,https://resolver.kb.nl/resolve?urn=sgd:mpeg21:19891990:0000901:pdf,200,https://resolver.kb.nl/resolve?urn=sgd:mpeg21:19891990:0000901:pdf
2026-09-11,https://resolver.kb.nl/resolve?urn=sgd:mpeg21:19891990:0000905:pdf,200,https://resolver.kb.nl/resolve?urn=sgd:mpeg21:19891990:0000905:pdf
2026-09-11,https://resolver.kb.nl/resolve?urn=sgd:mpeg21:19901991:0000793:pdf,200,https://resolver.kb.nl/resolve?urn=sgd:mpeg21:19901991:0000793:pdf
2026-09-11,https://resolver.kb.nl/resolve?urn=sgd:mpeg21:19901991:0000816:pdf,200,https://resolver.kb.nl/resolve?urn=sgd:mpeg21:19901991:0000816:pdf
2026-09-11,https://resolver.kb.nl/resolve?urn=sgd:mpeg21:19901991:0000826:pdf,200,https://resolver.kb.nl/resolve?urn=sgd:mpeg21:19901991:0000826:pdf
2026-09-11,https://resolver.kb.nl/resolve?urn=sgd:mpeg21:19901991:0000836:pdf,200,https://resolver.kb.nl/resolve?urn=sgd:mpeg21:19901991:0000836:pdf
2026-09-11,https://resolver.kb.nl/resolve?urn=sgd:mpeg21:19901991:0000842:pdf,200,https://resolver.kb.nl/resolve?urn=sgd:mpeg21:19901991:0000842:pdf
2026-09-11,https://resolver.kb.nl/resolve?urn=sgd:mpeg21:19901991:0000885:pdf,200,https://resolver.kb.nl/resolve?urn=sgd:mpeg21:19901991:0000885:pdf
2026-09-11,https://resolver.kb.nl/resolve?urn=sgd:mpeg21:19901991:0000892:pdf,200,https://resolver.kb.nl/resolve?urn=sgd:mpeg21:19901991:0000892:pdf
2026-09-11,https://resolver.kb.nl/resolve?urn=sgd:mpeg21:19911992:0000885:pdf,200,https://resolver.kb.nl/resolve?urn=sgd:mpeg21:19911992:0000885:pdf
2026-09-11,https://resolver.kb.nl/resolve?urn=sgd:mpeg21:19911992:0000949:pdf,200,https://resolver.kb.nl/resolve?urn=sgd:mpeg21:19911992:0000949:pdf
2026-09-11,https://resolver.kb.nl/resolve?urn=sgd:mpeg21:19911992:0000965:pdf,200,https://resolver.kb.nl/resolve?urn=sgd:mpeg21:19911992:0000965:pdf
2026-09-11,https://resolver.kb.nl/resolve?urn=sgd:mpeg21:19911992:0001009:pdf,200,https://resolver.kb.nl/resolve?urn=sgd:mpeg21:19911992:0001009:pdf
2026-09-11,https://resolver.kb.nl/resolve?urn=sgd:mpeg21:19921993:0000818:pdf,200,https://resolver.kb.nl/resolve?urn=sgd:mpeg21:19921993:0000818:pdf
2026-09-11,https://resolver.kb.nl/resolve?urn=sgd:mpeg21:19921993:0000823:pdf,200,https://resolver.kb.nl/resolve?urn=sgd:mpeg21:19921993:0000823:pdf
2026-09-11,https://resolver.kb.nl/resolve?urn=sgd:mpeg21:19921993:0000843:pdf,200,https://resolver.kb.nl/resolve?urn=sgd:mpeg21:19921993:0000843:pdf
2026-09-11,https://resolver.kb.nl/resolve?urn=sgd:mpeg21:19921993:0000844:pdf,200,https://resolver.kb.nl/resolve?urn=sgd:mpeg21:19921993:0000844:pdf
2026-09-11,https://resolver.kb.nl/resolve?urn=sgd:mpeg21:19921993:0000854:pdf,200,https://resolver.kb.nl/resolve?urn=sgd:mpeg21:19921993:0000854:pdf
2026-09-11,https://resolver.kb.nl/resolve?urn=sgd:mpeg21:19921993:0000858:pdf,200,https://resolver.kb.nl/resolve?urn=sgd:mpeg21:19921993:0000858:pdf
2026-09-11,https://resolver.kb.nl/resolve?urn=sgd:mpeg21:19921993:0000913:pdf,200,https://resolver.kb.nl/resolve?urn=sgd:mpeg21:19921993:0000913:pdf
2026-09-11,https://resolver.kb.nl/resolve?urn=sgd:mpeg21:19931994:0001089:pdf,200,https://resolver.kb.nl/resolve?urn=sgd:mpeg21:19931994:0001089:pdf
2026-09-11,https://resolver.kb.nl/resolve?urn=sgd:mpeg21:19931994:0001090:pdf,200,https://resolver.kb.nl/resolve?urn=sgd:mpeg21:19931994:0001090:pdf
2026-09-11,https://resolver.kb.nl/resolve?urn=sgd:mpeg21:19931994:0001092:pdf,200,https://resolver.kb.nl/resolve?urn=sgd:mpeg21:19931994:0001092:pdf
2026-09-11,https://resolver.kb.nl/resolve?urn=sgd:mpeg21:19931994:0001192:pdf,200,https://resolver.kb.nl/resolve?urn=sgd:mpeg21:19931994:0001192:pdf
2026-09-11,https://resolver.kb.nl/resolve?urn=sgd:mpeg21:19941995:0000325:pdf,200,https://resolver.kb.nl/resolve?urn=sgd:mpeg21:19941995:0000325:pdf
2026-09-11,https://zoek.officielebekendmakingen.nl/h-tk-19941995-49-3158-3177.html,200,https://zoek.officielebekendmakingen.nl/h-tk-19941995-49-3158-3177.html
2026-09-11,https://zoek.officielebekendmakingen.nl/h-tk-19941995-57-3517-3546.html,200,https://zoek.officielebekendmakingen.nl/h-tk-19941995-57-3517-3546.html
2026-09-11,https://zoek.officielebekendmakingen.nl/h-tk-19951996-23-1560-1620.html,200,https://zoek.officielebekendmakingen.nl/h-tk-19951996-23-1560-1620.html
2026-09-11,https://zoek.officielebekendmakingen.nl/h-tk-19951996-26-1833-1847.html,200,https://zoek.officielebekendmakingen.nl/h-tk-19951996-26-1833-1847.html
2026-09-11,https://zoek.officielebekendmakingen.nl/h-tk-19951996-63-4397-4429.html,200,https://zoek.officielebekendmakingen.nl/h-tk-19951996-63-4397-4429.html
2026-09-11,https://zoek.officielebekendmakingen.nl/h-tk-19951996-75-5116-5133.html,200,https://zoek.officielebekendmakingen.nl/h-tk-19951996-75-5116-5133.html
2026-09-11,https://zoek.officielebekendmakingen.nl/h-tk-19961997-1045-1069.html,200,https://zoek.officielebekendmakingen.nl/h-tk-19961997-1045-1069.html
2026-09-11,https://zoek.officielebekendmakingen.nl/h-tk-19961997-1754-1801.html,200,https://zoek.officielebekendmakingen.nl/h-tk-19961997-1754-1801.html
2026-09-11,https://zoek.officielebekendmakingen.nl/h-tk-19961997-1824-1893.html,200,https://zoek.officielebekendmakingen.nl/h-tk-19961997-1824-1893.html
2026-09-11,https://zoek.officielebekendmakingen.nl/h-tk-19961997-4846-4860.html,200,https://zoek.officielebekendmakingen.nl/h-tk-19961997-4846-4860.html
2026-09-11,https://zoek.officielebekendmakingen.nl/h-tk-19961997-637-661.html,200,https://zoek.officielebekendmakingen.nl/h-tk-19961997-637-661.html
2026-09-11,https://zoek.officielebekendmakingen.nl/h-tk-19971998-341-361.html,200,https://zoek.officielebekendmakingen.nl/h-tk-19971998-341-361.html
2026-09-11,https://zoek.officielebekendmakingen.nl/h-tk-19971998-474-487.html,200,https://zoek.officielebekendmakingen.nl/h-tk-19971998-474-487.html
2026-09-11,https://zoek.officielebekendmakingen.nl/h-tk-19981999-1231-1245.html,200,https://zoek.officielebekendmakingen.nl/h-tk-19981999-1231-1245.html
2026-09-11,https://zoek.officielebekendmakingen.nl/h-tk-19981999-2152-2171.html,200,https://zoek.officielebekendmakingen.nl/h-tk-19981999-2152-2171.html
2026-09-11,https://zoek.officielebekendmakingen.nl/h-tk-19981999-2283-2322.html,200,https://zoek.officielebekendmakingen.nl/h-tk-19981999-2283-2322.html
2026-09-11,https://zoek.officielebekendmakingen.nl/h-tk-19981999-2375-2426.html,200,https://zoek.officielebekendmakingen.nl/h-tk-19981999-2375-2426.html
2026-09-11,https://zoek.officielebekendmakingen.nl/h-tk-19981999-264-284.html,200,https://zoek.officielebekendmakingen.nl/h-tk-19981999-264-284.html
2026-09-11,https://zoek.officielebekendmakingen.nl/h-tk-19981999-5249-5292.html,200,https://zoek.officielebekendmakingen.nl/h-tk-19981999-5249-5292.html
2026-09-11,https://zoek.officielebekendmakingen.nl/h-tk-19981999-613-642.html,200,https://zoek.officielebekendmakingen.nl/h-tk-19981999-613-642.html
2026-09-11,https://zoek.officielebekendmakingen.nl/h-tk-19992000-109-154.html,200,https://zoek.officielebekendmakingen.nl/h-tk-19992000-109-154.html
2026-09-11,https://zoek.officielebekendmakingen.nl/h-tk-19992000-1311-1363.html,200,https://zoek.officielebekendmakingen.nl/h-tk-19992000-1311-1363.html
2026-09-11,https://zoek.officielebekendmakingen.nl/h-tk-19992000-384-423.html,200,https://zoek.officielebekendmakingen.nl/h-tk-19992000-384-423.html
2026-09-11,https://zoek.officielebekendmakingen.nl/h-tk-19992000-5683-5704.html,200,https://zoek.officielebekendmakingen.nl/h-tk-19992000-5683-5704.html
2026-09-11,https://zoek.officielebekendmakingen.nl/h-tk-19992000-6-79.html,200,https://zoek.officielebekendmakingen.nl/h-tk-19992000-6-79.html
2026-09-11,https://zoek.officielebekendmakingen.nl/h-tk-19992000-702-747.html,200,https://zoek.officielebekendmakingen.nl/h-tk-19992000-702-747.html
2026-09-11,https://zoek.officielebekendmakingen.nl/h-tk-19992000-806-841.html,200,https://zoek.officielebekendmakingen.nl/h-tk-19992000-806-841.html
2026-09-11,https://zoek.officielebekendmakingen.nl/h-tk-20002001-338-357.html,200,https://zoek.officielebekendmakingen.nl/h-tk-20002001-338-357.html
2026-09-11,https://zoek.officielebekendmakingen.nl/h-tk-20002001-3596-3628.html,200,https://zoek.officielebekendmakingen.nl/h-tk-20002001-3596-3628.html
2026-09-11,https://zoek.officielebekendmakingen.nl/h-tk-20002001-387-430.html,200,https://zoek.officielebekendmakingen.nl/h-tk-20002001-387-430.html
2026-09-11,https://zoek.officielebekendmakingen.nl/h-tk-20022003-1208-1227.html,200,https://zoek.officielebekendmakingen.nl/h-tk-20022003-1208-1227.html
2026-09-11,https://zoek.officielebekendmakingen.nl/h-tk-20022003-3275-3313.html,200,https://zoek.officielebekendmakingen.nl/h-tk-20022003-3275-3313.html
2026-09-11,https://zoek.officielebekendmakingen.nl/h-tk-20022003-3815-3859.html,200,https://zoek.officielebekendmakingen.nl/h-tk-20022003-3815-3859.html
2026-09-11,https://zoek.officielebekendmakingen.nl/h-tk-20032004-2805-2831.html,200,https://zoek.officielebekendmakingen.nl/h-tk-20032004-2805-2831.html
2026-09-11,https://zoek.officielebekendmakingen.nl/h-tk-20032004-5282-5297.html,200,https://zoek.officielebekendmakingen.nl/h-tk-20032004-5282-5297.html
2026-09-11,https://zoek.officielebekendmakingen.nl/h-tk-20032004-6288-6306.html,200,https://zoek.officielebekendmakingen.nl/h-tk-20032004-6288-6306.html
2026-09-11,https://zoek.officielebekendmakingen.nl/h-tk-20042005-3231-3261.html,200,https://zoek.officielebekendmakingen.nl/h-tk-20042005-3231-3261.html
2026-09-11,https://zoek.officielebekendmakingen.nl/h-tk-20042005-4665-4688.html,200,https://zoek.officielebekendmakingen.nl/h-tk-20042005-4665-4688.html
2026-09-11,https://zoek.officielebekendmakingen.nl/h-tk-20042005-5975-5992.html,200,https://zoek.officielebekendmakingen.nl/h-tk-20042005-5975-5992.html
2026-09-11,https://zoek.officielebekendmakingen.nl/h-tk-20052006-1409-1427.html,200,https://zoek.officielebekendmakingen.nl/h-tk-20052006-1409-1427.html
2026-09-11,https://zoek.officielebekendmakingen.nl/h-tk-20052006-1482-1506.html,200,https://zoek.officielebekendmakingen.nl/h-tk-20052006-1482-1506.html
2026-09-11,https://zoek.officielebekendmakingen.nl/h-tk-20052006-1507-1516.html,200,https://zoek.officielebekendmakingen.nl/h-tk-20052006-1507-1516.html
2026-09-11,https://zoek.officielebekendmakingen.nl/h-tk-20052006-32-67.html,200,https://zoek.officielebekendmakingen.nl/h-tk-20052006-32-67.html
2026-09-11,https://zoek.officielebekendmakingen.nl/h-tk-20052006-399-426.html,200,https://zoek.officielebekendmakingen.nl/h-tk-20052006-399-426.html
2026-09-11,https://zoek.officielebekendmakingen.nl/h-tk-20052006-636-662.html,200,https://zoek.officielebekendmakingen.nl/h-tk-20052006-636-662.html
2026-09-11,https://zoek.officielebekendmakingen.nl/h-tk-20062007-1002-1048.html,200,https://zoek.officielebekendmakingen.nl/h-tk-20062007-1002-1048.html
2026-09-11,https://zoek.officielebekendmakingen.nl/h-tk-20062007-2317-2328.html,200,https://zoek.officielebekendmakingen.nl/h-tk-20062007-2317-2328.html
2026-09-11,https://zoek.officielebekendmakingen.nl/h-tk-20062007-233-268.html,200,https://zoek.officielebekendmakingen.nl/h-tk-20062007-233-268.html
2026-09-11,https://zoek.officielebekendmakingen.nl/h-tk-20062007-2369-2373.html,200,https://zoek.officielebekendmakingen.nl/h-tk-20062007-2369-2373.html
2026-09-11,https://zoek.officielebekendmakingen.nl/h-tk-20062007-2634-2731.html,200,https://zoek.officielebekendmakingen.nl/h-tk-20062007-2634-2731.html
2026-09-11,https://zoek.officielebekendmakingen.nl/h-tk-20062007-272-294.html,200,https://zoek.officielebekendmakingen.nl/h-tk-20062007-272-294.html
2026-09-11,https://zoek.officielebekendmakingen.nl/h-tk-20062007-294-351.html,200,https://zoek.officielebekendmakingen.nl/h-tk-20062007-294-351.html
2026-09-11,https://zoek.officielebekendmakingen.nl/h-tk-20062007-3493-3511.html,200,https://zoek.officielebekendmakingen.nl/h-tk-20062007-3493-3511.html
2026-09-11,https://zoek.officielebekendmakingen.nl/h-tk-20062007-4736-4783.html,200,https://zoek.officielebekendmakingen.nl/h-tk-20062007-4736-4783.html
2026-09-11,https://zoek.officielebekendmakingen.nl/h-tk-20062007-5260-5319.html,200,https://zoek.officielebekendmakingen.nl/h-tk-20062007-5260-5319.html
2026-09-11,https://zoek.officielebekendmakingen.nl/h-tk-20062007-835-851.html,200,https://zoek.officielebekendmakingen.nl/h-tk-20062007-835-851.html
2026-09-11,https://zoek.officielebekendmakingen.nl/h-tk-20062007-897-919.html,200,https://zoek.officielebekendmakingen.nl/h-tk-20062007-897-919.html
2026-09-11,https://zoek.officielebekendmakingen.nl/h-tk-20062007-942-969.html,200,https://zoek.officielebekendmakingen.nl/h-tk-20062007-942-969.html
2026-09-11,https://zoek.officielebekendmakingen.nl/h-tk-20062007-973-1000.html,200,https://zoek.officielebekendmakingen.nl/h-tk-20062007-973-1000.html
2026-09-11,https://zoek.officielebekendmakingen.nl/h-tk-20072008-2953-2979.html,200,https://zoek.officielebekendmakingen.nl/h-tk-20072008-2953-2979.html
2026-09-11,https://zoek.officielebekendmakingen.nl/h-tk-20072008-3146-3159.html,200,https://zoek.officielebekendmakingen.nl/h-tk-20072008-3146-3159.html
2026-09-11,https://zoek.officielebekendmakingen.nl/h-tk-20072008-3328-3383.html,200,https://zoek.officielebekendmakingen.nl/h-tk-20072008-3328-3383.html
2026-09-11,https://zoek.officielebekendmakingen.nl/h-tk-20072008-6115-6150.html,200,https://zoek.officielebekendmakingen.nl/h-tk-20072008-6115-6150.html
2026-09-11,https://zoek.officielebekendmakingen.nl/h-tk-20082009-2498-2507.html,200,https://zoek.officielebekendmakingen.nl/h-tk-20082009-2498-2507.html
2026-09-11,https://zoek.officielebekendmakingen.nl/h-tk-20082009-483-512.html,200,https://zoek.officielebekendmakingen.nl/h-tk-20082009-483-512.html
2026-09-11,https://zoek.officielebekendmakingen.nl/h-tk-20082009-6487-6508.html,200,https://zoek.officielebekendmakingen.nl/h-tk-20082009-6487-6508.html
2026-09-11,https://zoek.officielebekendmakingen.nl/h-tk-20082009-6633-6636.html,200,https://zoek.officielebekendmakingen.nl/h-tk-20082009-6633-6636.html
2026-09-11,https://zoek.officielebekendmakingen.nl/h-tk-20082009-933-959.html,200,https://zoek.officielebekendmakingen.nl/h-tk-20082009-933-959.html
2026-09-11,https://zoek.officielebekendmakingen.nl/h-tk-20092010-22-1865.html,200,https://zoek.officielebekendmakingen.nl/h-tk-20092010-22-1865.html
2026-09-11,https://zoek.officielebekendmakingen.nl/h-tk-20092010-25-2283.html,200,https://zoek.officielebekendmakingen.nl/h-tk-20092010-25-2283.html
2026-09-11,https://zoek.officielebekendmakingen.nl/h-tk-20092010-28-2553.html,200,https://zoek.officielebekendmakingen.nl/h-tk-20092010-28-2553.html
2026-09-11,https://zoek.officielebekendmakingen.nl/h-tk-20102011-105-15.html,200,https://zoek.officielebekendmakingen.nl/h-tk-20102011-105-15.html
2026-09-11,https://zoek.officielebekendmakingen.nl/h-tk-20102011-14-2.html,200,https://zoek.officielebekendmakingen.nl/h-tk-20102011-14-2.html
2026-09-11,https://zoek.officielebekendmakingen.nl/h-tk-20102011-31-42.html,200,https://zoek.officielebekendmakingen.nl/h-tk-20102011-31-42.html
2026-09-11,https://zoek.officielebekendmakingen.nl/h-tk-20102011-34-56.html,200,https://zoek.officielebekendmakingen.nl/h-tk-20102011-34-56.html
2026-09-11,https://zoek.officielebekendmakingen.nl/h-tk-20102011-35-83.html,200,https://zoek.officielebekendmakingen.nl/h-tk-20102011-35-83.html
2026-09-11,https://zoek.officielebekendmakingen.nl/h-tk-20102011-90-3.html,200,https://zoek.officielebekendmakingen.nl/h-tk-20102011-90-3.html
2026-09-11,https://zoek.officielebekendmakingen.nl/h-tk-20112012-29-21.html,200,https://zoek.officielebekendmakingen.nl/h-tk-20112012-29-21.html
2026-09-11,https://zoek.officielebekendmakingen.nl/h-tk-20112012-43-9.html,200,https://zoek.officielebekendmakingen.nl/h-tk-20112012-43-9.html
2026-09-11,https://zoek.officielebekendmakingen.nl/h-tk-20112012-52-9.html,200,https://zoek.officielebekendmakingen.nl/h-tk-20112012-52-9.html
2026-09-11,https://zoek.officielebekendmakingen.nl/h-tk-20112012-6-4.html,200,https://zoek.officielebekendmakingen.nl/h-tk-20112012-6-4.html
2026-09-11,https://zoek.officielebekendmakingen.nl/h-tk-20142015-10-22.html,200,https://zoek.officielebekendmakingen.nl/h-tk-20142015-10-22.html
2026-09-11,https://zoek.officielebekendmakingen.nl/h-tk-20142015-24-17.html,200,https://zoek.officielebekendmakingen.nl/h-tk-20142015-24-17.html
2026-09-11,https://zoek.officielebekendmakingen.nl/h-tk-20142015-29-3.html,200,https://zoek.officielebekendmakingen.nl/h-tk-20142015-29-3.html
2026-09-11,https://zoek.officielebekendmakingen.nl/h-tk-20142015-52-5.html,200,https://zoek.officielebekendmakingen.nl/h-tk-20142015-52-5.html
2026-09-11,https://zoek.officielebekendmakingen.nl/h-tk-20142015-60-3.html,200,https://zoek.officielebekendmakingen.nl/h-tk-20142015-60-3.html
2026-09-11,https://zoek.officielebekendmakingen.nl/h-tk-20142015-66-19.html,200,https://zoek.officielebekendmakingen.nl/h-tk-20142015-66-19.html
2026-09-11,https://zoek.officielebekendmakingen.nl/h-tk-20142015-90-21.html,200,https://zoek.officielebekendmakingen.nl/h-tk-20142015-90-21.html
2026-09-11,https://zoek.officielebekendmakingen.nl/h-tk-20152016-111-10.html,200,https://zoek.officielebekendmakingen.nl/h-tk-20152016-111-10.html
2026-09-11,https://zoek.officielebekendmakingen.nl/h-tk-20152016-17-9.html,200,https://zoek.officielebekendmakingen.nl/h-tk-20152016-17-9.html
2026-09-11,https://zoek.officielebekendmakingen.nl/h-tk-20152016-2-7.html,200,https://zoek.officielebekendmakingen.nl/h-tk-20152016-2-7.html
2026-09-11,https://zoek.officielebekendmakingen.nl/h-tk-20152016-23-3.html,200,https://zoek.officielebekendmakingen.nl/h-tk-20152016-23-3.html
2026-09-11,https://zoek.officielebekendmakingen.nl/h-tk-20152016-24-6.html,200,https://zoek.officielebekendmakingen.nl/h-tk-20152016-24-6.html
2026-09-11,https://zoek.officielebekendmakingen.nl/h-tk-20152016-29-7.html,200,https://zoek.officielebekendmakingen.nl/h-tk-20152016-29-7.html
2026-09-11,https://zoek.officielebekendmakingen.nl/h-tk-20152016-35-15.html,200,https://zoek.officielebekendmakingen.nl/h-tk-20152016-35-15.html
2026-09-11,https://zoek.officielebekendmakingen.nl/h-tk-20152016-36-9.html,200,https://zoek.officielebekendmakingen.nl/h-tk-20152016-36-9.html
2026-09-11,https://zoek.officielebekendmakingen.nl/h-tk-20152016-7-28.html,200,https://zoek.officielebekendmakingen.nl/h-tk-20152016-7-28.html
2026-09-11,https://zoek.officielebekendmakingen.nl/h-tk-20152016-77-9.html,200,https://zoek.officielebekendmakingen.nl/h-tk-20152016-77-9.html
2026-09-11,https://zoek.officielebekendmakingen.nl/h-tk-20152016-86-28.html,200,https://zoek.officielebekendmakingen.nl/h-tk-20152016-86-28.html
2026-09-11,https://zoek.officielebekendmakingen.nl/h-tk-20152016-98-34.html,200,https://zoek.officielebekendmakingen.nl/h-tk-20152016-98-34.html
2026-09-11,https://zoek.officielebekendmakingen.nl/h-tk-20162017-22-21.html,200,https://zoek.officielebekendmakingen.nl/h-tk-20162017-22-21.html
2026-09-11,https://zoek.officielebekendmakingen.nl/h-tk-20162017-30-13.html,200,https://zoek.officielebekendmakingen.nl/h-tk-20162017-30-13.html
2026-09-11,https://zoek.officielebekendmakingen.nl/h-tk-20162017-54-6.html,200,https://zoek.officielebekendmakingen.nl/h-tk-20162017-54-6.html
2026-09-11,https://zoek.officielebekendmakingen.nl/h-tk-20162017-6-9.html,200,https://zoek.officielebekendmakingen.nl/h-tk-20162017-6-9.html
2026-09-11,https://zoek.officielebekendmakingen.nl/h-tk-20162017-97-6.html,200,https://zoek.officielebekendmakingen.nl/h-tk-20162017-97-6.html
2026-09-11,https://zoek.officielebekendmakingen.nl/h-tk-20172018-107-21.html,200,https://zoek.officielebekendmakingen.nl/h-tk-20172018-107-21.html
2026-09-11,https://zoek.officielebekendmakingen.nl/h-tk-20172018-18-9.html,200,https://zoek.officielebekendmakingen.nl/h-tk-20172018-18-9.html
2026-09-11,https://zoek.officielebekendmakingen.nl/h-tk-20172018-34-13.html,200,https://zoek.officielebekendmakingen.nl/h-tk-20172018-34-13.html
2026-09-11,https://zoek.officielebekendmakingen.nl/h-tk-20172018-36-20.html,200,https://zoek.officielebekendmakingen.nl/h-tk-20172018-36-20.html
2026-09-11,https://zoek.officielebekendmakingen.nl/h-tk-20172018-42-32.html,200,https://zoek.officielebekendmakingen.nl/h-tk-20172018-42-32.html
2026-09-11,https://zoek.officielebekendmakingen.nl/h-tk-20172018-56-22.html,200,https://zoek.officielebekendmakingen.nl/h-tk-20172018-56-22.html
2026-09-11,https://zoek.officielebekendmakingen.nl/h-tk-20172018-57-32.html,200,https://zoek.officielebekendmakingen.nl/h-tk-20172018-57-32.html
2026-09-11,https://zoek.officielebekendmakingen.nl/h-tk-20172018-84-3.html,200,https://zoek.officielebekendmakingen.nl/h-tk-20172018-84-3.html
2026-09-11,https://zoek.officielebekendmakingen.nl/h-tk-20172018-93-4.html,200,https://zoek.officielebekendmakingen.nl/h-tk-20172018-93-4.html
2026-09-11,https://zoek.officielebekendmakingen.nl/h-tk-20172018-96-8.html,200,https://zoek.officielebekendmakingen.nl/h-tk-20172018-96-8.html
2026-09-11,https://zoek.officielebekendmakingen.nl/h-tk-20182019-104-8.html,200,https://zoek.officielebekendmakingen.nl/h-tk-20182019-104-8.html
2026-09-11,https://zoek.officielebekendmakingen.nl/h-tk-20182019-11-2.html,200,https://zoek.officielebekendmakingen.nl/h-tk-20182019-11-2.html
2026-09-11,https://zoek.officielebekendmakingen.nl/h-tk-20182019-69-26.html,200,https://zoek.officielebekendmakingen.nl/h-tk-20182019-69-26.html
2026-09-11,https://zoek.officielebekendmakingen.nl/h-tk-20182019-99-7.html,200,https://zoek.officielebekendmakingen.nl/h-tk-20182019-99-7.html
2026-09-11,https://zoek.officielebekendmakingen.nl/h-tk-20192020-2-5.html,200,https://zoek.officielebekendmakingen.nl/h-tk-20192020-2-5.html
2026-09-11,https://zoek.officielebekendmakingen.nl/h-tk-20192020-20-3.html,200,https://zoek.officielebekendmakingen.nl/h-tk-20192020-20-3.html
2026-09-11,https://zoek.officielebekendmakingen.nl/h-tk-20192020-29-9.html,200,https://zoek.officielebekendmakingen.nl/h-tk-20192020-29-9.html
2026-09-11,https://zoek.officielebekendmakingen.nl/h-tk-20192020-3-6.html,200,https://zoek.officielebekendmakingen.nl/h-tk-20192020-3-6.html
2026-09-11,https://zoek.officielebekendmakingen.nl/h-tk-20192020-57-4.html,200,https://zoek.officielebekendmakingen.nl/h-tk-20192020-57-4.html
2026-09-11,https://zoek.officielebekendmakingen.nl/h-tk-20192020-8-3.html,200,https://zoek.officielebekendmakingen.nl/h-tk-20192020-8-3.html
2026-09-11,https://zoek.officielebekendmakingen.nl/h-tk-20192020-99-7.html,200,https://zoek.officielebekendmakingen.nl/h-tk-20192020-99-7.html
2026-09-11,https://zoek.officielebekendmakingen.nl/h-tk-20202021-103-7.html,200,https://zoek.officielebekendmakingen.nl/h-tk-20202021-103-7.html
2026-09-11,https://zoek.officielebekendmakingen.nl/h-tk-20202021-11-8.html,200,https://zoek.officielebekendmakingen.nl/h-tk-20202021-11-8.html
2026-09-11,https://zoek.officielebekendmakingen.nl/h-tk-20202021-16-45.html,200,https://zoek.officielebekendmakingen.nl/h-tk-20202021-16-45.html
2026-09-11,https://zoek.officielebekendmakingen.nl/h-tk-20202021-77-8.html,200,https://zoek.officielebekendmakingen.nl/h-tk-20202021-77-8.html
2026-09-11,https://zoek.officielebekendmakingen.nl/h-tk-20202021-99-51.html,200,https://zoek.officielebekendmakingen.nl/h-tk-20202021-99-51.html
2026-09-11,https://zoek.officielebekendmakingen.nl/h-tk-20212022-14-3.html,200,https://zoek.officielebekendmakingen.nl/h-tk-20212022-14-3.html
2026-09-11,https://zoek.officielebekendmakingen.nl/h-tk-20212022-2-2.html,200,https://zoek.officielebekendmakingen.nl/h-tk-20212022-2-2.html
2026-09-11,https://zoek.officielebekendmakingen.nl/h-tk-20212022-26-6.html,200,https://zoek.officielebekendmakingen.nl/h-tk-20212022-26-6.html
2026-09-11,https://zoek.officielebekendmakingen.nl/h-tk-20212022-3-5.html,200,https://zoek.officielebekendmakingen.nl/h-tk-20212022-3-5.html
2026-09-11,https://zoek.officielebekendmakingen.nl/h-tk-20212022-38-6.html,200,https://zoek.officielebekendmakingen.nl/h-tk-20212022-38-6.html
2026-09-11,https://zoek.officielebekendmakingen.nl/h-tk-20212022-50-21.html,200,https://zoek.officielebekendmakingen.nl/h-tk-20212022-50-21.html
2026-09-11,https://zoek.officielebekendmakingen.nl/h-tk-20212022-8-8.html,200,https://zoek.officielebekendmakingen.nl/h-tk-20212022-8-8.html
2026-09-11,https://zoek.officielebekendmakingen.nl/h-tk-20222023-2-2.html,200,https://zoek.officielebekendmakingen.nl/h-tk-20222023-2-2.html
2026-09-11,https://zoek.officielebekendmakingen.nl/h-tk-20222023-2-5.html,200,https://zoek.officielebekendmakingen.nl/h-tk-20222023-2-5.html
2026-09-11,https://zoek.officielebekendmakingen.nl/h-tk-20222023-27-3.html,200,https://zoek.officielebekendmakingen.nl/h-tk-20222023-27-3.html
2026-09-11,https://zoek.officielebekendmakingen.nl/h-tk-20222023-29-8.html,200,https://zoek.officielebekendmakingen.nl/h-tk-20222023-29-8.html
2026-09-11,https://zoek.officielebekendmakingen.nl/h-tk-20222023-3-7.html,200,https://zoek.officielebekendmakingen.nl/h-tk-20222023-3-7.html
2026-09-11,https://zoek.officielebekendmakingen.nl/h-tk-20222023-42-4.html,200,https://zoek.officielebekendmakingen.nl/h-tk-20222023-42-4.html
2026-09-11,https://zoek.officielebekendmakingen.nl/h-tk-20222023-44-5.html,200,https://zoek.officielebekendmakingen.nl/h-tk-20222023-44-5.html
2026-09-11,https://zoek.officielebekendmakingen.nl/h-tk-20222023-44-9.html,200,https://zoek.officielebekendmakingen.nl/h-tk-20222023-44-9.html
2026-09-11,https://zoek.officielebekendmakingen.nl/h-tk-20222023-47-9.html,200,https://zoek.officielebekendmakingen.nl/h-tk-20222023-47-9.html
2026-09-11,https://zoek.officielebekendmakingen.nl/h-tk-20222023-48-4.html,200,https://zoek.officielebekendmakingen.nl/h-tk-20222023-48-4.html
2026-09-11,https://zoek.officielebekendmakingen.nl/h-tk-20222023-93-3.html,200,https://zoek.officielebekendmakingen.nl/h-tk-20222023-93-3.html
2026-09-11,https://zoek.officielebekendmakingen.nl/h-tk-20222023-93-6.html,200,https://zoek.officielebekendmakingen.nl/h-tk-20222023-93-6.html
2026-09-11,https://zoek.officielebekendmakingen.nl/h-tk-20232024-14-18.html,200,https://zoek.officielebekendmakingen.nl/h-tk-20232024-14-18.html
2026-09-11,https://zoek.officielebekendmakingen.nl/h-tk-20232024-38-20.html,200,https://zoek.officielebekendmakingen.nl/h-tk-20232024-38-20.html
2026-09-11,https://zoek.officielebekendmakingen.nl/h-tk-20232024-51-12.html,200,https://zoek.officielebekendmakingen.nl/h-tk-20232024-51-12.html
2026-09-11,https://zoek.officielebekendmakingen.nl/h-tk-20232024-51-4.html,200,https://zoek.officielebekendmakingen.nl/h-tk-20232024-51-4.html
2026-09-11,https://zoek.officielebekendmakingen.nl/h-tk-20232024-76-6.html,200,https://zoek.officielebekendmakingen.nl/h-tk-20232024-76-6.html
2026-09-11,https://zoek.officielebekendmakingen.nl/h-tk-20232024-82-33.html,200,https://zoek.officielebekendmakingen.nl/h-tk-20232024-82-33.html
2026-09-11,https://zoek.officielebekendmakingen.nl/h-tk-20242025-31-27.html,200,https://zoek.officielebekendmakingen.nl/h-tk-20242025-31-27.html
2026-09-11,https://zoek.officielebekendmakingen.nl/h-tk-20242025-31-29.html,200,https://zoek.officielebekendmakingen.nl/h-tk-20242025-31-29.html
